image,title,rating,ram,display,camera,battery,processor,warranty,price
https://rukminim2.flixcart.com/image/312/312/jbcjc7k0/mobile/z/4/t/mi-mi-a1-na-original-imafypzvyqgazqpy.jpeg?q=70,"Mi A1 (Red, 64 GB)",4.4,4 GB RAM | 64 GB ROM | Expandable Upto 128 GB,13.97 cm (5.5 inch) Full HD Display,12MP + 12MP | 5MP Front Camera,3080 mAh Li-polymer Battery,Qualcomm Snapdragon 625 64 bit Octa Core 2GHz Processor,Brand Warranty of 1 Year Available for Mobile and 6 Months for Accessories,14599
https://rukminim2.flixcart.com/image/312/312/ja73ki80/mobile/9/m/s/mi-mi-a1-mzb5654in-original-imaeztu5hhvydshh.jpeg?q=70,"Mi A1 (Rose Gold, 64 GB)",4.4,4 GB RAM | 64 GB ROM | Expandable Upto 128 GB,13.97 cm (5.5 inch) Full HD Display,12MP + 12MP | 5MP Front Camera,3080 mAh Li-polymer Battery,Qualcomm Snapdragon 625 64 bit Octa Core 2GHz Processor,Brand Warranty of 1 Year Available for Mobile and 6 Months for Accessories,14999
https://rukminim2.flixcart.com/image/312/312/j752nww0/mobile/x/u/z/mi-mi-a1-na-original-imaexg9z4fmxk8ns.jpeg?q=70,"Mi A1 (Gold, 64 GB)",4.4,4 GB RAM | 64 GB ROM | Expandable Upto 128 GB,13.97 cm (5.5 inch) Full HD Display,12MP + 12MP | 5MP Front Camera,3080 mAh Li-polymer Battery,Qualcomm Snapdragon 625 64 bit Octa Core 2GHz Processor,Brand Warranty of 1 Year Available for Mobile and 6 Months for Accessories,12999
https://rukminim2.flixcart.com/image/312/312/j752nww0/mobile/h/e/t/mi-mi-a1-na-original-imaexg9njdddfphr.jpeg?q=70,"Mi A1 (Black, 64 GB)",4.4,4 GB RAM | 64 GB ROM | Expandable Upto 128 GB,13.97 cm (5.5 inch) Full HD Display,12MP + 12MP | 5MP Front Camera,3080 mAh Li-polymer Battery,Qualcomm Snapdragon 625 64 bit Octa Core 2GHz Processor,Brand Warranty of 1 Year Available for Mobile and 6 Months for Accessories,11990
https://rukminim2.flixcart.com/image/312/312/mobile/6/g/r/mi-mi-4i-mzb4300in-mzb4345in-original-imae9he4xnfgeckd.jpeg?q=70,"Mi 4i (Grey, 32 GB)",4.2,2 GB RAM | 32 GB ROM,12.7 cm (5 inch) Full HD Display,13MP Rear Camera | 5MP Front Camera,3120 mAh Li-ion Polymer Battery,2nd-gen Snapdragon 615 64-bit octa-core Processor,Brand Warranty of 1 Year Available for Mobile and 6 Months for Accessories,14999
https://rukminim2.flixcart.com/image/312/312/mobile/x/y/f/mi-mi-4i-mzb4427in-original-imaeatz4crfanz5g.jpeg?q=70,"Mi 4i (Yellow, 16 GB)",4.2,2 GB RAM | 16 GB ROM,12.7 cm (5 inch) Full HD Display,13MP Rear Camera | 5MP Front Camera,3030 mAh Li-ion Polymer Battery,2nd-gen Snapdragon 615 64-bit octa-core Processor,Brand Warranty of 1 Year Available for Mobile and 6 Months for Accessories,12999
https://rukminim2.flixcart.com/image/312/312/mobile/t/m/b/mi-mi-4i-mzb4430in-original-imaebagndxhhvnyk.jpeg?q=70,"Mi 4i (Blue, 16 GB)",4.2,2 GB RAM | 16 GB ROM,12.7 cm (5 inch) Full HD Display,13MP Rear Camera | 5MP Front Camera,3030 mAh Li-ion Polymer Battery,2nd-gen Snapdragon 615 64-bit octa-core Processor,Brand Warranty of 1 Year Available for Mobile and 6 Months for Accessories,12999
https://rukminim2.flixcart.com/image/312/312/mobile/n/t/s/mi-mi-4i-mzb4300in-original-imae7ndt3wpak7jj.jpeg?q=70,"Mi 4i (Grey, 16 GB)",4.2,2 GB RAM | 16 GB ROM,12.7 cm (5 inch) Full HD Display,13MP Rear Camera | 5MP Front Camera,3030 mAh Li-ion Polymer Battery,qualcomm 2nd-gen Snapdragon 615 64-bit octa-core Octa Core 1.7GHz Processor,Brand Warranty of 1 Year Available for Mobile and 6 Months for Accessories,12999
https://rukminim2.flixcart.com/image/312/312/mobile/b/v/y/mi-4i-mzb4343in-original-imae6zxfgr4xmme7.jpeg?q=70,"Mi 4i (White, 16 GB)",4.2,2 GB RAM | 16 GB ROM,12.7 cm (5 inch) Full HD Display,13MP Rear Camera | 5MP Front Camera,3030 mAh Li-ion Polymer Battery,2nd-gen Snapdragon 615 64-bit octa-core Processor,Brand Warranty of 1 Year Available for Mobile and 6 Months for Accessories,12999
https://rukminim2.flixcart.com/image/312/312/xif0q/mobile/e/h/j/-original-imagxg47qr5wzvyh.jpeg?q=70,"REDMI 13C (Stardust Black, 128 GB)",4.3,4 GB RAM | 128 GB ROM | Expandable Upto 1 TB,17.12 cm (6.74 inch) HD+ Display,50MP Rear Camera | 8MP Front Camera,5000 mAh Battery,Helio G85 Processor,1 Year Manufacturer Warranty for Phone and 6 Months Warranty for In the Box Accessories,7999
https://rukminim2.flixcart.com/image/312/312/xif0q/mobile/e/h/j/-original-imagxg47qr5wzvyh.jpeg?q=70,"REDMI 13C (Stardust Black, 128 GB)",4.2,6 GB RAM | 128 GB ROM | Expandable Upto 1 TB,17.12 cm (6.74 inch) HD+ Display,50MP Rear Camera | 8MP Front Camera,5000 mAh Battery,Helio G85 Processor,1 Year Manufacturer Warranty for Phone and 6 Months Warranty for In the Box Accessories,8799
https://rukminim2.flixcart.com/image/312/312/xif0q/mobile/p/x/p/-original-imagxg47kjmy9qym.jpeg?q=70,"REDMI 13C (Starshine Green, 128 GB)",4.2,6 GB RAM | 128 GB ROM | Expandable Upto 1 TB,17.12 cm (6.74 inch) HD+ Display,50MP Rear Camera | 8MP Front Camera,5000 mAh Battery,Helio G85 Processor,1 Year Manufacturer Warranty for Phone and 6 Months Warranty for In the Box Accessories,8799
https://rukminim2.flixcart.com/image/312/312/xif0q/mobile/e/v/t/13c-5g-redmi-13c-5g-redmi-original-imagw6s7zfhb4syx.jpeg?q=70,"REDMI 13c 5G (Starlight Black, 256 GB)",4.2,8 GB RAM | 256 GB ROM,17.12 cm (6.74 inch) Display,50MP Rear Camera,5000 mAh Battery,1 Year,NA,13875
https://rukminim2.flixcart.com/image/312/312/mobile/9/z/c/spice-fire-one-mi-fx1-original-imae3yfzn72yb432.jpeg?q=70,"SPICE Fire One Mi-FX1 (Orange, 256 MB)",3.0,128 MB RAM | 256 MB ROM | Expandable Upto 4 GB,8.89 cm (3.5 inch) HVGA Display,1.3MP Rear Camera | 0.3MP Front Camera,1400 mAh Battery,1 Year for Mobile & 6 Months for Accessories,NA,2090
https://rukminim2.flixcart.com/image/312/312/xif0q/mobile/5/u/e/13c-5g-redmi-13c-5g-redmi-original-imagw6s7qmkhz8ed.jpeg?q=70,"REDMI 13c 5G (Startrail Silver, 256 GB)",4.2,8 GB RAM | 256 GB ROM,17.12 cm (6.74 inch) Display,50MP Rear Camera,5000 mAh Battery,1 Year,NA,14099
https://rukminim2.flixcart.com/image/312/312/xif0q/mobile/d/x/c/13c-5g-redmi-13c-5g-redmi-original-imagw6s7x86zhqj6.jpeg?q=70,"REDMI 13c 5G (Startrail Green, 128 GB)",4.2,6 GB RAM | 128 GB ROM,17.12 cm (6.74 inch) Display,50MP Rear Camera,5000 mAh Battery,1 Year,NA,12069
https://rukminim2.flixcart.com/image/312/312/xif0q/mobile/5/u/e/13c-5g-redmi-13c-5g-redmi-original-imagw6s7qmkhz8ed.jpeg?q=70,"REDMI 13c 5G (Startrail Silver, 128 GB)",4.2,6 GB RAM | 128 GB ROM,17.12 cm (6.74 inch) Display,50MP Rear Camera,5000 mAh Battery,1 Year,NA,12450
https://rukminim2.flixcart.com/image/312/312/xif0q/mobile/5/u/e/13c-5g-redmi-13c-5g-redmi-original-imagw6s7qmkhz8ed.jpeg?q=70,"REDMI 13c 5G (Startrail Silver, 128 GB)",4.3,4 GB RAM | 128 GB ROM,17.12 cm (6.74 inch) Display,50MP Rear Camera,5000 mAh Battery,1 Year,NA,10960
https://rukminim2.flixcart.com/image/312/312/xif0q/mobile/d/x/c/13c-5g-redmi-13c-5g-redmi-original-imagw6s7x86zhqj6.jpeg?q=70,"REDMI 13c 5G (Startrail Green, 256 GB)",4.2,8 GB RAM | 256 GB ROM,17.12 cm (6.74 inch) Display,50MP Rear Camera,5000 mAh Battery,1 Year,NA,13940
https://rukminim2.flixcart.com/image/312/312/xif0q/mobile/h/f/w/-original-imags37hy7uz2usv.jpeg?q=70,"REDMI 12 (Jade Black, 128 GB)",4.2,6 GB RAM | 128 GB ROM | Expandable Upto 1 TB,17.25 cm (6.79 inch) Full HD+ Display,50MP + 8MP + 2MP | 8MP Front Camera,5000 mAh Battery,Helio G88 Processor,1 Year Manufacturer Warranty for Phone and 6 Months Warranty for in the Box Accessories,10499
https://rukminim2.flixcart.com/image/312/312/xif0q/mobile/d/x/c/13c-5g-redmi-13c-5g-redmi-original-imagw6s7x86zhqj6.jpeg?q=70,"REDMI 13c 5G (Startrail Green, 128 GB)",4.3,4 GB RAM | 128 GB ROM,17.12 cm (6.74 inch) Display,50MP Rear Camera,5000 mAh Battery,1 Year,NA,11999
https://rukminim2.flixcart.com/image/312/312/xif0q/mobile/e/v/t/13c-5g-redmi-13c-5g-redmi-original-imagw6s7zfhb4syx.jpeg?q=70,"REDMI 13c 5G (Starlight Black, 128 GB)",4.3,4 GB RAM | 128 GB ROM,17.12 cm (6.74 inch) Display,50MP Rear Camera,5000 mAh Battery,1 Year,NA,10909
https://rukminim2.flixcart.com/image/312/312/xif0q/mobile/e/v/t/13c-5g-redmi-13c-5g-redmi-original-imagw6s7zfhb4syx.jpeg?q=70,"REDMI 13c 5G (Starlight Black, 128 GB)",4.2,6 GB RAM | 128 GB ROM,17.12 cm (6.74 inch) Display,50MP Rear Camera,5000 mAh Battery,1 Year,NA,12190
https://rukminim2.flixcart.com/image/312/312/xif0q/mobile/q/b/i/-original-imagvyp8pjedpxsj.jpeg?q=70,"REDMI 12C (Matte Black, 128 GB)",4.1,6 GB RAM | 128 GB ROM | Expandable Upto 1 TB,17.04 cm (6.71 inch) HD+ Display,50MP Rear Camera | 5MP Front Camera,5000 mAh Battery,Helio G85 Processor,1 Year Manufacturer Warranty for Phone and 6 Months Warranty for In the Box Accessories,8845
https://rukminim2.flixcart.com/image/312/312/xif0q/mobile/e/h/j/-original-imagxg47qr5wzvyh.jpeg?q=70,"REDMI 13C (Stardust Black, 256 GB)",4.1,8 GB RAM | 256 GB ROM,17.12 cm (6.74 inch) Display,50MP Rear Camera,5000 mAh Battery,1 Year,NA,11499
https://rukminim2.flixcart.com/image/312/312/xif0q/mobile/c/n/l/-original-imagvfghsh7chtgh.jpeg?q=70,"REDMI 12C (Mint Green, 128 GB)",4.2,4 GB RAM | 128 GB ROM | Expandable Upto 1 TB,17.04 cm (6.71 inch) HD+ Display,50MP Rear Camera | 5MP Front Camera,5000 mAh Battery,Helio G85 Processor,1 Year Manufacturer Warranty for Phone and 6 Months Warranty for In the Box Accessories,8888
https://rukminim2.flixcart.com/image/312/312/xif0q/mobile/t/9/8/-original-imagpgsg2hvvtcef.jpeg?q=70,"REDMI Note 12 5G (Matte Black, 128 GB)",3.9,4 GB RAM | 128 GB ROM | Expandable Upto 1 TB,16.94 cm (6.67 inch) Full HD+ AMOLED Display,48MP + 8MP + 2MP | 13MP Front Camera,5000 mAh Battery,Qualcomm Snapdragon 4 Gen 1 Processor,1 Year Manufacturer Warranty for Phone and 6 Months Warranty for In the Box Accessories,15499
https://rukminim2.flixcart.com/image/312/312/xif0q/mobile/k/b/0/-original-imagvfgjnkhtcuhm.jpeg?q=70,"REDMI 12C (Lavender Purple, 128 GB)",4.1,6 GB RAM | 128 GB ROM | Expandable Upto 1 TB,17.04 cm (6.71 inch) HD+ Display,50MP Rear Camera | 5MP Front Camera,5000 mAh Battery,Helio G85 Processor,1 Year Manufacturer Warranty for Phone and 6 Months Warranty for In the Box Accessories,8847
https://rukminim2.flixcart.com/image/312/312/xif0q/mobile/c/n/l/-original-imagvfghsh7chtgh.jpeg?q=70,"REDMI 12C (Mint Green, 128 GB)",4.1,6 GB RAM | 128 GB ROM | Expandable Upto 1 TB,17.04 cm (6.71 inch) HD+ Display,50MP Rear Camera | 5MP Front Camera,5000 mAh Battery,Helio G85 Processor,1 Year Manufacturer Warranty for Phone and 6 Months Warranty for In the Box Accessories,9390
https://rukminim2.flixcart.com/image/312/312/xif0q/mobile/p/a/4/-original-imagjyhymqnhz7fm.jpeg?q=70,"REDMI A1+ (Black, 32 GB)",4.2,2 GB RAM | 32 GB ROM | Expandable Upto 512 GB,16.56 cm (6.52 inch) HD+ Display,8MP Rear Camera | 5MP Front Camera,5000 mAh Lithium Polymer Battery,Mediatek Helio A22 Processor,1 Year Manufacturer Warranty for Phone and 6 Months Warranty for in the Box Accessories,7499
https://rukminim2.flixcart.com/image/312/312/xif0q/mobile/b/d/e/-original-imagq35cjaxnyfdg.jpeg?q=70,"REDMI K50i 5G (Quick Silver, 128 GB)",4.2,6 GB RAM | 128 GB ROM,16.76 cm (6.6 inch) Full HD+ Display,64MP + 8MP + 2MP | 16MP Front Camera,5080 mAh Battery,Dimensity 8100 Processor,1 Year Manufacturer Warranty for Phone and 6 Months Warranty for In the Box Accessories,24999
https://rukminim2.flixcart.com/image/312/312/xif0q/mobile/p/a/4/-original-imagjyhymqnhz7fm.jpeg?q=70,"REDMI A1+ (Black, 32 GB)",4.1,3 GB RAM | 32 GB ROM | Expandable Upto 512 GB,16.56 cm (6.52 inch) HD+ Display,8MP Rear Camera | 5MP Front Camera,5000 mAh Lithium Polymer Battery,Mediatek Helio A22 Processor,1 Year Manufacturer Warranty for Phone and 6 Months Warranty for in the Box Accessories,8499
https://rukminim2.flixcart.com/image/312/312/xif0q/mobile/0/g/w/note-12-5g-mzb0eiain-redmi-original-imagpgr9ngapjhxq.jpeg?q=70,"REDMI Note 12 5G (Mystique Blue, 128 GB)",4.2,6 GB RAM | 128 GB ROM | Expandable Upto 1 TB,16.94 cm (6.67 inch) Full HD+ AMOLED Display,48MP + 8MP + 2MP | 13MP Front Camera,5000 mAh Battery,Qualcomm Snapdragon 4 Gen 1 Processor,1 Year Manufacturer Warranty for Phone and 6 Months Warranty for In the Box Accessories,16999
https://rukminim2.flixcart.com/image/312/312/xif0q/mobile/b/a/6/-original-imagvypzzekyhnke.jpeg?q=70,"REDMI 12C (Royal Blue, 128 GB)",4.2,4 GB RAM | 128 GB ROM | Expandable Upto 1 TB,17.04 cm (6.71 inch) HD+ Display,50MP Rear Camera | 5MP Front Camera,5000 mAh Battery,Helio G85 Processor,1 Year Manufacturer Warranty for Phone and 6 Months Warranty for In the Box Accessories,8684
https://rukminim2.flixcart.com/image/312/312/xif0q/mobile/t/9/8/-original-imagpgsg2hvvtcef.jpeg?q=70,"REDMI Note 12 5G (Matte Black, 128 GB)",4.2,6 GB RAM | 128 GB ROM | Expandable Upto 1 TB,16.94 cm (6.67 inch) Full HD+ AMOLED Display,48MP + 8MP + 2MP | 13MP Front Camera,5000 mAh Battery,Qualcomm Snapdragon 4 Gen 1 Processor,1 Year Manufacturer Warranty for Phone and 6 Months Warranty for In the Box Accessories,16999
https://rukminim2.flixcart.com/image/312/312/xif0q/mobile/x/l/4/-original-imagg5g6pcfr37by.jpeg?q=70,"REDMI 11 Prime 5G (Meadow Green, 128 GB)",4.2,6 GB RAM | 128 GB ROM,16.71 cm (6.58 inch) Display,5MP Rear Camera,5000 mAh Battery,1 Year Warranty,NA,13899
https://rukminim2.flixcart.com/image/312/312/xif0q/mobile/h/u/8/-original-imaggfuphhftryvg.jpeg?q=70,"REDMI 11 Prime 5G (Chrome Silver, 64 GB)",4.2,4 GB RAM | 64 GB ROM,16.71 cm (6.58 inch) Display,5MP Rear Camera,5000 mAh Battery,1 Year Warranty,NA,11190
https://rukminim2.flixcart.com/image/312/312/xif0q/mobile/c/u/c/-original-imagh5bzhgbtftvx.jpeg?q=70,"REDMI 11 Prime 5G (Thunder Black, 64 GB)",4.2,4 GB RAM | 64 GB ROM,16.71 cm (6.58 inch) Display,5MP Rear Camera,5000 mAh Battery,1 Year Warranty,NA,10990
https://rukminim2.flixcart.com/image/312/312/k3xcdjk0pkrrdj/mobile-refurbished/q/d/5/redmi-note-7s-32-u-mzb7744in-mi-3-original-imafe48yggp2za54.jpeg?q=70,"Redmi Note 7S (Onyx Black, 64 GB)",4.4,4 GB RAM | 64 GB ROM | Expandable Upto 256 GB,16.0 cm (6.3 inch) Full HD+ Display,48MP + 5MP | 13MP Front Camera,4000 mAh Battery,Qualcomm Snapdragon 660 AIE Processor,Splash Proof - Protected by P2i,13999
https://rukminim2.flixcart.com/image/312/312/ky7lci80/mobile/e/j/x/-original-imagag2gatsxzcuv.jpeg?q=70,"Xiaomi 11i 5G (Purple Mist, 128 GB)",4.2,8 GB RAM | 128 GB ROM | Expandable Upto 1 TB,16.94 cm (6.67 inch) Full HD+ AMOLED Display,108MP Rear Camera | 16MP Front Camera,5160 mAh Li-Polymer Battery,Mediatek Dimensity 920 Processor,1 Year Manufacturer Warranty for Phone and 6 Months Warranty for in the Box Accessories,22999
https://rukminim2.flixcart.com/image/312/312/kesv0y80/mobile/b/y/9/redmi-9i-mzb0815in-original-imafvehwghyuphbc.jpeg?q=70,"REDMI 9i (Sea Blue, 64 GB)",4.3,4 GB RAM | 64 GB ROM | Expandable Upto 512 GB,16.59 cm (6.53 inch) HD+ Display,13MP Rear Camera | 5MP Front Camera,5000 mAh Lithium Polymer Battery,MediaTek Helio G25 Processor,Brand Warranty of 1 Year Available for Mobile and 6 Months for Accessories,8999
https://rukminim2.flixcart.com/image/312/312/kesv0y80/mobile/u/h/m/redmi-9i-mzb0818in-original-imafveh4xva2fes2.jpeg?q=70,"REDMI 9i (Nature Green, 64 GB)",4.3,4 GB RAM | 64 GB ROM | Expandable Upto 512 GB,16.59 cm (6.53 inch) HD+ Display,13MP Rear Camera | 5MP Front Camera,5000 mAh Lithium Polymer Battery,MediaTek Helio G25 Processor,Brand Warranty of 1 Year Available for Mobile and 6 Months for Accessories,8999
https://rukminim2.flixcart.com/image/312/312/xif0q/mobile/a/3/q/-original-imagdrghswubhh2p.jpeg?q=70,"REDMI 10A (Charcoal Black, 64 GB)",4.2,4 GB RAM | 64 GB ROM,16.59 cm (6.53 inch) Display,13MP Rear Camera,5000 mAh Battery,12 months,NA,8190
https://rukminim2.flixcart.com/image/312/312/xif0q/mobile/c/p/m/-original-imagdrgp8pkbzccw.jpeg?q=70,"REDMI 10A (Slate Grey, 32 GB)",4.1,3 GB RAM | 32 GB ROM,16.59 cm (6.53 inch) Display,13MP Rear Camera,5000 mAh Battery,12 months,NA,7380
https://rukminim2.flixcart.com/image/312/312/xif0q/mobile/a/7/a/-original-imagdrghghkneesf.jpeg?q=70,"REDMI 10A (Sea Blue, 32 GB)",4.1,3 GB RAM | 32 GB ROM,16.59 cm (6.53 inch) Display,13MP Rear Camera,5000 mAh Battery,12 months,NA,7780
https://rukminim2.flixcart.com/image/312/312/xif0q/mobile/c/p/m/-original-imagdrgp8pkbzccw.jpeg?q=70,"REDMI 10A (Slate grey, 64 GB)",4.2,4 GB RAM | 64 GB ROM,16.59 cm (6.53 inch) Display,13MP Rear Camera,5000 mAh Battery,1 Year Manufacturer Warranty for Handset and 6 Months Warranty for In the Box Accessories,NA,8219
https://rukminim2.flixcart.com/image/312/312/xif0q/mobile/b/d/e/-original-imagq35cjaxnyfdg.jpeg?q=70,"REDMI K50i 5G (Quick Silver, 256 GB)",4.2,8 GB RAM | 256 GB ROM,16.76 cm (6.6 inch) Full HD+ Display,64MP + 8MP + 2MP | 16MP Front Camera,5080 mAh Battery,Dimensity 8100 Processor,1 Year Manufacturer Warranty for Phone and 6 Months Warranty for In the Box Accessories,29999
https://rukminim2.flixcart.com/image/312/312/kesv0y80/mobile/h/p/q/redmi-9i-mzb0814in-original-imafvehkgzghyqtp.jpeg?q=70,"REDMI 9i (Midnight Black, 128 GB)",4.3,4 GB RAM | 128 GB ROM | Expandable Upto 512 GB,16.59 cm (6.53 inch) HD+ Display,13MP Rear Camera | 5MP Front Camera,5000 mAh Lithium Polymer Battery,MediaTek Helio G25 Processor,Brand Warranty of 1 Year Available for Mobile and 6 Months for Accessories,9299
https://rukminim2.flixcart.com/image/312/312/xif0q/mobile/h/u/8/-original-imaggfuphhftryvg.jpeg?q=70,"REDMI 11 Prime 5G (Chrome Silver, 64 GB)",4.2,4 GB RAM | 64 GB ROM,16.71 cm (6.58 inch) Display,5MP Rear Camera,5000 mAh Battery,1 Year Warranty,NA,11190
https://rukminim2.flixcart.com/image/312/312/xif0q/mobile/c/u/c/-original-imagh5bzhgbtftvx.jpeg?q=70,"REDMI 11 Prime 5G (Thunder Black, 64 GB)",4.2,4 GB RAM | 64 GB ROM,16.71 cm (6.58 inch) Display,5MP Rear Camera,5000 mAh Battery,1 Year Warranty,NA,10990
https://rukminim2.flixcart.com/image/312/312/xif0q/mobile/x/l/4/-original-imagg5g6pcfr37by.jpeg?q=70,"REDMI 11 Prime 5G (Meadow Green, 64 GB)",4.2,4 GB RAM | 64 GB ROM,16.71 cm (6.58 inch) Display,5MP Rear Camera,5000 mAh Battery,1 Year Warranty,NA,11888
https://rukminim2.flixcart.com/image/312/312/xif0q/mobile/b/h/v/-original-imagkjwrwzxy2ffx.jpeg?q=70,"REDMI A1 (Light Blue, 32 GB)",4.2,2 GB RAM | 32 GB ROM,16.56 cm (6.52 inch) Display,5MP Rear Camera,5000 mAh Battery,12 months,NA,9989
https://rukminim2.flixcart.com/image/312/312/xif0q/mobile/b/d/e/-original-imagq35cjaxnyfdg.jpeg?q=70,"REDMI K50i 5G (Quick Silver, 128 GB)",4.2,6 GB RAM | 128 GB ROM,16.76 cm (6.6 inch) Full HD+ Display,64MP + 8MP + 2MP | 16MP Front Camera,5080 mAh Battery,Dimensity 8100 Processor,1 Year Manufacturer Warranty for Phone and 6 Months Warranty for In the Box Accessories,24999
https://rukminim2.flixcart.com/image/312/312/kesv0y80/mobile/h/p/q/redmi-9i-mzb0814in-original-imafvehkgzghyqtp.jpeg?q=70,"REDMI 9i (Midnight Black, 128 GB)",4.3,4 GB RAM | 128 GB ROM | Expandable Upto 512 GB,16.59 cm (6.53 inch) HD+ Display,13MP Rear Camera | 5MP Front Camera,5000 mAh Lithium Polymer Battery,MediaTek Helio G25 Processor,Brand Warranty of 1 Year Available for Mobile and 6 Months for Accessories,9299
https://rukminim2.flixcart.com/image/312/312/k3xcdjk0pkrrdj/mobile-refurbished/q/d/5/redmi-note-7s-32-u-mzb7744in-mi-3-original-imafe48yggp2za54.jpeg?q=70,"Redmi Note 7S (Onyx Black, 32 GB)",4.4,3 GB RAM | 32 GB ROM | Expandable Upto 256 GB,16.0 cm (6.3 inch) Full HD+ Display,48MP + 5MP | 13MP Front Camera,4000 mAh Battery,Qualcomm Snapdragon 660 AIE Processor,Splash Proof - Protected by P2i,11999
https://rukminim2.flixcart.com/image/312/312/xif0q/mobile/m/r/i/note-12-5g-mzb0ei8in-redmi-original-imagpgr9gpmjjnwa.jpeg?q=70,"REDMI Note 12 5G (Frosted Green, 128 GB)",4.2,6 GB RAM | 128 GB ROM | Expandable Upto 1 TB,16.94 cm (6.67 inch) Full HD+ AMOLED Display,48MP + 8MP + 2MP | 13MP Front Camera,5000 mAh Battery,Qualcomm Snapdragon 4 Gen 1 Processor,1 Year Manufacturer Warranty for Phone and 6 Months Warranty for In the Box Accessories,16999
https://rukminim2.flixcart.com/image/312/312/xif0q/mobile/m/r/i/note-12-5g-mzb0ei8in-redmi-original-imagpgr9gpmjjnwa.jpeg?q=70,"REDMI Note 12 5G (Frosted Green, 128 GB)",3.9,4 GB RAM | 128 GB ROM | Expandable Upto 1 TB,16.94 cm (6.67 inch) Full HD+ AMOLED Display,48MP + 8MP + 2MP | 13MP Front Camera,5000 mAh Battery,Qualcomm Snapdragon 4 Gen 1 Processor,1 Year Manufacturer Warranty for Phone and 6 Months Warranty for In the Box Accessories,15499
https://rukminim2.flixcart.com/image/312/312/xif0q/mobile/m/5/m/-original-imagh5bzmwcx5xxv.jpeg?q=70,"REDMI 11 Prime 5G (Thunder Black, 128 GB)",4.2,6 GB RAM | 128 GB ROM,16.71 cm (6.58 inch) Display,5MP Rear Camera | 5MP Front Camera,5000 mAh Battery,1 Year Warranty,NA,16999
https://rukminim2.flixcart.com/image/312/312/ky7lci80/mobile/4/n/d/-original-imagag2gdzpdfsdf.jpeg?q=70,"Xiaomi 11i 5G (Stealth Black, 128 GB)",4.2,8 GB RAM | 128 GB ROM | Expandable Upto 1 TB,16.94 cm (6.67 inch) Full HD+ AMOLED Display,108MP Rear Camera | 16MP Front Camera,5160 mAh Li-Polymer Battery,Mediatek Dimensity 920 Processor,1 Year Manufacturer Warranty for Phone and 6 Months Warranty for in the Box Accessories,22999
https://rukminim2.flixcart.com/image/312/312/xif0q/mobile/q/b/i/-original-imagvyp8pjedpxsj.jpeg?q=70,"REDMI 12C (Matte Black, 128 GB)",4.2,4 GB RAM | 128 GB ROM | Expandable Upto 1 TB,17.04 cm (6.71 inch) HD+ Display,50MP Rear Camera | 5MP Front Camera,5000 mAh Battery,Helio G85 Processor,1 Year Manufacturer Warranty for Phone and 6 Months Warranty for In the Box Accessories,8777
https://rukminim2.flixcart.com/image/312/312/kmax8y80/mobile/n/x/i/note-10-mzb084jlk1-redmi-original-imagf8hpm7nzzday.jpeg?q=70,"REDMI Note 10 (Aqua Green, 64 GB)",4.3,4 GB RAM | 64 GB ROM | Expandable Upto 512 GB,16.33 cm (6.43 inch) Full HD+ Display,48MP + 8MP + 2MP + 2MP | 13MP Front Camera,5000 mAh Li-Polymer Battery,Qualcomm Snapdragon 678 Processor,1 Year Manufacturer Warranty for Device and 6 Months Manufacturer Warranty for In-box Accessories Including Batteries from the Date of Purchase,12379
https://rukminim2.flixcart.com/image/312/312/xif0q/mobile/6/j/g/-original-imagkjwrwzztvye6.jpeg?q=70,"REDMI A1 (Black, 32 GB)",4.2,2 GB RAM | 32 GB ROM,16.56 cm (6.52 inch) Display,5MP Rear Camera | 5MP Front Camera,5000 mAh Battery,12 months,NA,8899
https://rukminim2.flixcart.com/image/312/312/xif0q/mobile/b/l/p/-original-imagkjwrdh5pzrq6.jpeg?q=70,"REDMI A1 (Light Green, 32 GB)",4.2,2 GB RAM | 32 GB ROM,16.56 cm (6.52 inch) Display,5MP Rear Camera,5000 mAh Battery,12 months,NA,6999
https://rukminim2.flixcart.com/image/312/312/ku04o7k0/mobile/p/8/u/9i-sport-mzb0a5iin-redmi-original-imag785qegs5ghyy.jpeg?q=70,"REDMI 9i Sport (Carbon Black, 64 GB)",4.3,4 GB RAM | 64 GB ROM | Expandable Upto 512 GB,16.59 cm (6.53 inch) HD+ Display,13MP Rear Camera | 5MP Front Camera,5000 mAh Li-Polymer Battery,MediaTek Helio G25 Processor,Brand Warranty of 1 Year Available for Mobile and 6 Months for Accessories,8999
https://rukminim2.flixcart.com/image/312/312/xif0q/mobile/h/a/k/note-12-5g-mzb0cxpin-redmi-original-imaghrsqdfshrqfg.jpeg?q=70,"REDMI Note 12 5G (Mystique blue, 128 GB)",4.2,6 GB RAM | 128 GB ROM | Expandable Upto 1 TB,16.94 cm (6.67 inch) Full HD Display,48MP + 8MP + 2MP | 13MP Front Camera,5000 mAh Battery,Snapdragon 4 Gen1 6nm Processor,1 Year Manufacturer Warranty for Phone and 6 Months Warranty for In the Box Accessories,16450
https://rukminim2.flixcart.com/image/312/312/xif0q/mobile/k/b/0/-original-imagvfgjnkhtcuhm.jpeg?q=70,"REDMI 12C (Lavender Purple, 128 GB)",4.2,4 GB RAM | 128 GB ROM | Expandable Upto 1 TB,17.04 cm (6.71 inch) HD+ Display,50MP Rear Camera | 5MP Front Camera,5000 mAh Battery,Helio G85 Processor,1 Year Manufacturer Warranty for Phone and 6 Months Warranty for In the Box Accessories,9490
https://rukminim2.flixcart.com/image/312/312/kua4r680/mobile/g/p/g/m2002f4lg-m1910f4g-redmi-note-10-lite-redmi-original-imag7f7fpmee9gje.jpeg?q=70,"REDMI NOTE 10 LITE (Champagne Gold, 128 GB)",4.3,4 GB RAM | 128 GB ROM,16.94 cm (6.67 inch) Display,48MP Rear Camera,5020 mAh Battery,1 Year Manufacturer Warranty,NA,10990
https://rukminim2.flixcart.com/image/312/312/ky7lci80/mobile/e/j/x/-original-imagag2gatsxzcuv.jpeg?q=70,"Xiaomi 11i 5G (Purple Mist, 128 GB)",4.2,6 GB RAM | 128 GB ROM | Expandable Upto 1 TB,16.94 cm (6.67 inch) Full HD+ AMOLED Display,108MP Rear Camera | 16MP Front Camera,5160 mAh Li-Polymer Battery,Mediatek Dimensity 920 Processor,1 Year Manufacturer Warranty for Phone and 6 Months Warranty for in the Box Accessories,24999
https://rukminim2.flixcart.com/image/312/312/xif0q/mobile/a/3/q/-original-imagdrghswubhh2p.jpeg?q=70,"REDMI 10A (CHARCOAL BLACK, 128 GB)",4.1,6 GB RAM | 128 GB ROM,16.59 cm (6.53 inch) Display,13MP Rear Camera,5000 mAh Battery,1 Year Manufacturer Warranty for Handset and 6 Months Warranty for In the Box Accessories,NA,8890
https://rukminim2.flixcart.com/image/312/312/k1fbmvk0/mobile/g/y/q/mi-redmi-8-mzb8253in-original-imafhyacjwjwxmsx.jpeg?q=70,"Redmi 8 (Sapphire Blue, 64 GB)",4.4,4 GB RAM | 64 GB ROM | Expandable Upto 512 GB,15.8 cm (6.22 inch) HD+ Display,12MP + 2MP | 8MP Front Camera,5000 mAh Battery,Qualcomm Snapdragon 439 Processor,Brand Warranty of 1 Year Available for Mobile and 6 Months for Accessories,10999
https://rukminim2.flixcart.com/image/312/312/ky7lci80/mobile/i/w/n/-original-imagag2gugrdkbwu.jpeg?q=70,"Xiaomi 11i 5G (Camo Green, 128 GB)",4.2,6 GB RAM | 128 GB ROM | Expandable Upto 1 TB,16.94 cm (6.67 inch) Full HD+ AMOLED Display,108MP Rear Camera | 16MP Front Camera,5160 mAh Li-Polymer Battery,Mediatek Dimensity 920 Processor,1 Year Manufacturer Warranty for Phone and 6 Months Warranty for in the Box Accessories,24999
https://rukminim2.flixcart.com/image/312/312/xif0q/mobile/a/8/a/-original-imagbwx4ahgqxgg9.jpeg?q=70,"REDMI Note 11S (Space Black, 64 GB)",4.1,6 GB RAM | 64 GB ROM,16.33 cm (6.43 inch) Display,108MP Rear Camera,5000 mAh Battery,1 Year Manufacturer Warranty for Handset and 6 Months Warranty for In the Box Accessories,NA,12998
https://rukminim2.flixcart.com/image/312/312/k12go7k0/mobile/8/e/b/mi-redmi-8a-mzb8298in-original-imafkmhqztfbabww.jpeg?q=70,"Redmi 8A (Midnight Black, 32 GB)",4.4,2 GB RAM | 32 GB ROM | Expandable Upto 512 GB,15.8 cm (6.22 inch) HD+ Display,12MP Rear Camera | 8MP Front Camera,5000 mAh Battery,Qualcomm Snapdragon 439 Processor,Brand Warranty of 1 Year Available for Mobile and 6 Months for Accessories,7459
https://rukminim2.flixcart.com/image/312/312/xif0q/mobile/b/l/p/-original-imagkjwrdh5pzrq6.jpeg?q=70,"REDMI A1 (Light Green, 32 GB)",4.2,2 GB RAM | 32 GB ROM,16.56 cm (6.52 inch) Display,5MP Rear Camera,5000 mAh Battery,12 months,NA,6999
https://rukminim2.flixcart.com/image/312/312/xif0q/mobile/x/l/4/-original-imagg5g6pcfr37by.jpeg?q=70,"REDMI 11 Prime 5G (Meadow Green, 128 GB)",4.2,6 GB RAM | 128 GB ROM,16.71 cm (6.58 inch) Display,5MP Rear Camera,5000 mAh Battery,1 Year Warranty,NA,15699
https://rukminim2.flixcart.com/image/312/312/xif0q/mobile/a/7/a/-original-imagdrghghkneesf.jpeg?q=70,"REDMI 10A (Sea Blue, 64 GB)",4.2,4 GB RAM | 64 GB ROM,16.59 cm (6.53 inch) Display,13MP Rear Camera,5000 mAh Battery,12 months,NA,8199
https://rukminim2.flixcart.com/image/312/312/ktbu6q80/mobile/s/j/e/10-prime-10-redmi-original-imag6pbabybzmrhn.jpeg?q=70,"Redmi 10 Prime (Phantom Black, 64 GB)",4.1,4 GB RAM | 64 GB ROM,16.51 cm (6.5 inch) Display,8MP Rear Camera,6000 mAh Battery,1 Year Manufacturer Warranty for Handset and 6 Months Warranty for In the Box Accessories,NA,11999
https://rukminim2.flixcart.com/image/312/312/kv1a4cw0/mobile/t/v/3/note-10-lite-2109106a1i-redmi-original-imag8yuh2gpuxfha.jpeg?q=70,"REDMI NOTE 10 LITE (Glacier White, 64 GB)",4.3,4 GB RAM | 64 GB ROM,16.94 cm (6.67 inch) Display,48MP Rear Camera,5020 mAh Battery,1 Year Manufacturer Warranty,NA,13390
https://rukminim2.flixcart.com/image/312/312/xif0q/mobile/2/s/g/-original-imagq35cvc36ahur.jpeg?q=70,"REDMI K50i 5G (Stealth Black, 128 GB)",4.2,6 GB RAM | 128 GB ROM,16.76 cm (6.6 inch) Full HD+ Display,64MP + 8MP + 2MP | 16MP Front Camera,5080 mAh Battery,Dimensity 8100 Processor,1 Year Manufacturer Warranty for Phone and 6 Months Warranty for In the Box Accessories,24999
https://rukminim2.flixcart.com/image/312/312/kv1a4cw0/mobile/3/r/p/note-10-lite-2109106a1i-redmi-original-imag8yvazxeycrjd.jpeg?q=70,"REDMI NOTE 10 LITE (Aurora Blue, 64 GB)",4.3,4 GB RAM | 64 GB ROM,16.94 cm (6.67 inch) Display,48MP Rear Camera,5020 mAh Battery,1 Year Manufacturer Warranty,NA,12490
https://rukminim2.flixcart.com/image/312/312/xif0q/mobile/w/i/h/-original-imaggghwgnzxzzvm.jpeg?q=70,"REDMI Note 11 (Horizon Blue, 64 GB)",4.2,6 GB RAM | 64 GB ROM,16.33 cm (6.43 inch) Display,50MP Rear Camera,5000 mAh Battery,1 Year Manufacturer Warranty for Handset and 6 Months Warranty for In the Box Accessories,NA,12799
https://rukminim2.flixcart.com/image/312/312/kesv0y80/mobile/u/h/m/redmi-9i-mzb0818in-original-imafveh4xva2fes2.jpeg?q=70,"REDMI 9i (Nature Green, 128 GB)",4.3,4 GB RAM | 128 GB ROM | Expandable Upto 512 GB,16.59 cm (6.53 inch) HD+ Display,13MP Rear Camera | 5MP Front Camera,5000 mAh Lithium Polymer Battery,MediaTek Helio G25 Processor,Brand Warranty of 1 Year Available for Mobile and 6 Months for Accessories,9299
https://rukminim2.flixcart.com/image/312/312/xif0q/mobile/0/g/w/note-12-5g-mzb0eiain-redmi-original-imagpgr9ngapjhxq.jpeg?q=70,"REDMI Note 12 5G (Mystique Blue, 128 GB)",3.9,4 GB RAM | 128 GB ROM | Expandable Upto 1 TB,16.94 cm (6.67 inch) Full HD+ AMOLED Display,48MP + 8MP + 2MP | 13MP Front Camera,5000 mAh Battery,Qualcomm Snapdragon 4 Gen 1 Processor,1 Year Manufacturer Warranty for Phone and 6 Months Warranty for In the Box Accessories,15499
https://rukminim2.flixcart.com/image/312/312/xif0q/mobile/m/5/m/-original-imagh5bzmwcx5xxv.jpeg?q=70,"REDMI 11 Prime 5G (Thunder Black, 128 GB)",4.2,6 GB RAM | 128 GB ROM,16.71 cm (6.58 inch) Display,5MP Rear Camera | 5MP Front Camera,5000 mAh Battery,1 Year Warranty,NA,16999
https://rukminim2.flixcart.com/image/312/312/jt641ow0/mobile/d/w/k/mi-redmi-note-7-pro-na-original-imafe4bbyfppbnuu.jpeg?q=70,"Redmi Note 7 Pro (Blue, 64 GB)",4.5,4 GB RAM | 64 GB ROM | Expandable Upto 256 GB,16.0 cm (6.3 inch) Full HD+ Display,48MP + 5MP | 13MP Front Camera,4000 mAh Li-polymer Battery,Qualcomm Snapdragon 675 Processor,Splash Proof - Protected by P2i,15999
https://rukminim2.flixcart.com/image/312/312/k2tc1ow0pkrrdj/mobile-refurbished/f/p/s/redmi-note-7s-32-b-mzb7746in-mi-3-original-imafe48pmu5q6ygz.jpeg?q=70,"Redmi Note 7S (Ruby Red, 64 GB)",4.4,4 GB RAM | 64 GB ROM | Expandable Upto 256 GB,16.0 cm (6.3 inch) Full HD+ Display,48MP + 5MP | 13MP Front Camera,4000 mAh Battery,Qualcomm Snapdragon 660 AIE Processor,Splash Proof - Protected by P2i,13999
https://rukminim2.flixcart.com/image/312/312/kox8b680/mobile/u/c/f/11x-pro-5g-11x-pro-mi-original-imag39qgfzbdaqtg.jpeg?q=70,"Mi 11X Pro 5G (Celestial Silver, 128 GB)",4.0,8 GB RAM | 128 GB ROM,16.94 cm (6.67 inch) Full HD+ Display,108MP + 8MP + 5MP | 20MP Front Camera,4520 mAh Battery,Qualcomm Snapdragon 888 Processor,1 Year Manufacturer Warranty for Device and 6 Months Manufacturer Warranty for In-box Accessories,27999
https://rukminim2.flixcart.com/image/312/312/ku04o7k0/mobile/m/w/p/9i-sport-mzb0a0yin-redmi-original-imag785ryfspqg3a.jpeg?q=70,"REDMI 9i Sport (Coral Green, 64 GB)",4.3,4 GB RAM | 64 GB ROM | Expandable Upto 512 GB,16.59 cm (6.53 inch) HD+ Display,13MP Rear Camera | 5MP Front Camera,5000 mAh Li-Polymer Battery,MediaTek Helio G25 Processor,Brand Warranty of 1 Year Available for Mobile and 6 Months for Accessories,8999
https://rukminim2.flixcart.com/image/312/312/xif0q/mobile/9/j/r/-original-imagjyhyaf7tdxnc.jpeg?q=70,"REDMI A1+ (Light Blue, 32 GB)",4.1,3 GB RAM | 32 GB ROM | Expandable Upto 512 GB,16.56 cm (6.52 inch) HD+ Display,8MP Rear Camera | 5MP Front Camera,5000 mAh Lithium Polymer Battery,Mediatek Helio A22 Processor,1 Year Manufacturer Warranty for Phone and 6 Months Warranty for in the Box Accessories,8499
https://rukminim2.flixcart.com/image/312/312/xif0q/mobile/6/j/g/-original-imagkjwrwzztvye6.jpeg?q=70,"REDMI A1 (Black, 32 GB)",4.2,2 GB RAM | 32 GB ROM,16.56 cm (6.52 inch) Display,5MP Rear Camera | 5MP Front Camera,5000 mAh Battery,12 months,NA,8899
https://rukminim2.flixcart.com/image/312/312/k3xcdjk0pkrrdj/mobile-refurbished/q/d/5/redmi-note-7s-32-u-mzb7744in-mi-3-original-imafe48yggp2za54.jpeg?q=70,"Redmi Note 7 (Onyx Black, 32 GB)",4.4,3 GB RAM | 32 GB ROM | Expandable Upto 256 GB,16.0 cm (6.3 inch) Full HD+ Display,12MP + 2MP | 13MP Front Camera,4000 mAh Li-polymer Battery,Qualcomm Snapdragon 660 AIE Processor,Splash Proof - Protected by P2i,9999
https://rukminim2.flixcart.com/image/312/312/ke1pnrk0/mobile/g/2/p/mi-redmi-9-prime-m2004j191-original-imafuteqf9gdxdcg.jpeg?q=70,"REDMI 9 Prime (Sunrise Flare, 64 GB)",4.4,4 GB RAM | 64 GB ROM | Expandable Upto 512 GB,16.59 cm (6.53 inch) Full HD+ Display,13MP + 8MP + 5MP + 2MP | 8MP Front Camera,5020 mAh Battery,MediaTek Helio G80 Processor,1 Year Manufacturer Warranty,11999
https://rukminim2.flixcart.com/image/312/312/xif0q/mobile/x/n/x/-original-imagq35cmzgcwgdd.jpeg?q=70,"REDMI K50i 5G (Phantom Blue, 256 GB)",4.2,8 GB RAM | 256 GB ROM,16.76 cm (6.6 inch) Full HD+ Display,64MP + 8MP + 2MP | 16MP Front Camera,5080 mAh Battery,Dimensity 8100 Processor,1 Year Manufacturer Warranty for Phone and 6 Months Warranty for In the Box Accessories,26899
https://rukminim2.flixcart.com/image/312/312/xif0q/mobile/e/l/b/-original-imagn9kghqzyzzr2.jpeg?q=70,"REDMI 11 Prime 5G (Chrome Silver, 128 GB)",4.2,6 GB RAM | 128 GB ROM,16.71 cm (6.58 inch) Display,5MP Rear Camera,5000 mAh Battery,1 Year Warranty,NA,18999
https://rukminim2.flixcart.com/image/312/312/xif0q/mobile/b/h/v/-original-imagkjwrwzxy2ffx.jpeg?q=70,"REDMI A1 (Light Blue, 32 GB)",4.2,2 GB RAM | 32 GB ROM,16.56 cm (6.52 inch) Display,5MP Rear Camera,5000 mAh Battery,12 months,NA,9989
https://rukminim2.flixcart.com/image/312/312/xif0q/mobile/a/8/a/-original-imagbwx4ahgqxgg9.jpeg?q=70,"REDMI Note 11S (Space Black, 64 GB)",4.1,6 GB RAM | 64 GB ROM,16.33 cm (6.43 inch) Display,108MP Rear Camera,5000 mAh Battery,1 Year Manufacturer Warranty for Handset and 6 Months Warranty for In the Box Accessories,NA,12998
https://rukminim2.flixcart.com/image/312/312/xif0q/mobile/a/3/q/-original-imagdrghswubhh2p.jpeg?q=70,"REDMI 10A (Charcoal Black, 32 GB)",4.1,3 GB RAM | 32 GB ROM,16.59 cm (6.53 inch) Display,13MP Rear Camera,5000 mAh Battery,12 months,NA,7799
https://rukminim2.flixcart.com/image/312/312/jskofww0/mobile/3/u/t/mi-redmi-note-7-pro-na-original-imafe4bddnr7n5vb.jpeg?q=70,"Redmi Note 7 Pro (Nebula Red, 64 GB)",4.5,4 GB RAM | 64 GB ROM | Expandable Upto 256 GB,16.0 cm (6.3 inch) Full HD+ Display,48MP + 5MP | 13MP Front Camera,4000 mAh Li-polymer Battery,Qualcomm Snapdragon 675 Processor,Splash Proof - Protected by P2i,11499
https://rukminim2.flixcart.com/image/312/312/kox8b680/mobile/r/z/z/11x-pro-5g-11x-pro-mi-original-imag39qjujuhjerp.jpeg?q=70,"Mi 11X Pro 5G (Lunar White, 128 GB)",4.0,8 GB RAM | 128 GB ROM,16.94 cm (6.67 inch) Full HD+ Display,108MP + 8MP + 5MP | 20MP Front Camera,4520 mAh Battery,Qualcomm Snapdragon 888 Processor,1 Year Manufacturer Warranty for Device and 6 Months Manufacturer Warranty for In-box Accessories,26990
https://rukminim2.flixcart.com/image/312/312/ky7lci80/mobile/k/b/g/-original-imagagf6fzbhuhny.jpeg?q=70,"Xiaomi 11i Hypercharge 5G (Purple Mist, 128 GB)",4.2,8 GB RAM | 128 GB ROM | Expandable Upto 1 TB,16.94 cm (6.67 inch) Full HD+ AMOLED Display,108MP + 8MP + 2MP | 16MP Front Camera,4500 mAh Li-Polymer Battery,Mediatek Dimensity 920 Processor,1 Year Manufacturer Warranty for Phone and 6 Months Warranty for In the Box Accessories,22790
https://rukminim2.flixcart.com/image/312/312/k1fbmvk0/mobile/9/e/m/mi-redmi-8-mzb8252in-original-imafhyacczv2h27n.jpeg?q=70,"Redmi 8 (Emerald Green, 64 GB)",4.4,4 GB RAM | 64 GB ROM | Expandable Upto 512 GB,15.8 cm (6.22 inch) HD+ Display,12MP + 2MP | 8MP Front Camera,5000 mAh Battery,Qualcomm Snapdragon 439 Processor,Brand Warranty of 1 Year Available for Mobile and 6 Months for Accessories,10999
https://rukminim2.flixcart.com/image/312/312/k0y6cnk0/mobile/p/4/x/mi-redmi-8a-mzb8459in-original-imafkmg2mza82yyu.jpeg?q=70,"Redmi 8A (Sunset Red, 32 GB)",4.4,2 GB RAM | 32 GB ROM | Expandable Upto 512 GB,15.8 cm (6.22 inch) HD+ Display,12MP Rear Camera | 8MP Front Camera,5000 mAh Battery,Qualcomm Snapdragon 439 Processor,Brand Warranty of 1 Year Available for Mobile and 6 Months for Accessories,7499
https://rukminim2.flixcart.com/image/312/312/k2tc1ow0pkrrdj/mobile-refurbished/f/p/s/redmi-note-7s-32-b-mzb7746in-mi-3-original-imafe48pmu5q6ygz.jpeg?q=70,"Redmi Note 7S (Ruby Red, 32 GB)",4.4,3 GB RAM | 32 GB ROM | Expandable Upto 256 GB,16.0 cm (6.3 inch) Full HD+ Display,48MP + 5MP | 13MP Front Camera,4000 mAh Battery,Qualcomm Snapdragon 660 AIE Processor,Splash Proof - Protected by P2i,11999
https://rukminim2.flixcart.com/image/312/312/jxz0brk0/mobile/7/b/a/redmi-k20-na-original-imafgb4xesjtrzuu.jpeg?q=70,"Redmi K20 (Carbon Black, 128 GB)",4.5,6 GB RAM | 128 GB ROM,16.23 cm (6.39 inch) Full HD+ Display,48MP + 13MP + 8MP | 20MP Front Camera,4000 mAh Li-polymer Battery,Qualcomm Snapdragon 730 Processor,Brand Warranty of 1 Year Available for Mobile and 6 Months for Accessories,19990
https://rukminim2.flixcart.com/image/312/312/jklgxow0/mobile/w/k/y/mi-y2-y2-original-imaf7wzyzkvabay2.jpeg?q=70,"Redmi Y2 (Gold, 32 GB)",4.5,3 GB RAM | 32 GB ROM | Expandable Upto 256 GB,15.21 cm (5.99 inch) HD+ Display,12MP + 5MP | 16MP Front Camera,3080 mAh Li Polymer Battery,Qualcomm Snapdragon 625 Processor,Brand Warranty of 1 Year Available for Mobile and 6 Months for Accessories,8999
https://rukminim2.flixcart.com/image/312/312/ky7lci80/mobile/k/b/g/-original-imagagf6fzbhuhny.jpeg?q=70,"Xiaomi 11i Hypercharge 5G (Purple Mist, 128 GB)",4.2,6 GB RAM | 128 GB ROM | Expandable Upto 1 TB,16.94 cm (6.67 inch) Full HD+ AMOLED Display,108MP + 8MP + 2MP | 16MP Front Camera,4500 mAh Li-Polymer Battery,Mediatek Dimensity 920 Processor,1 Year Manufacturer Warranty for Phone and 6 Months Warranty for In the Box Accessories,26999
https://rukminim2.flixcart.com/image/312/312/kcdp5zk0/mobile/6/e/k/mi-redmi-note-9-pro-mzb9105in-original-imaftgy6gwe9vnqr.jpeg?q=70,"Redmi Note 9 Pro (Glacier White, 128 GB)",4.3,4 GB RAM | 128 GB ROM | Expandable Upto 512 GB,16.94 cm (6.67 inch) Full HD+ Display,48MP + 8MP + 5MP + 2MP | 16MP Front Camera,5020 mAh Battery,Qualcomm® Snapdragon™ 720G Processor,1 year manufacturer warranty for device and 6 months manufacturer warranty for in-box accessories,15999
https://rukminim2.flixcart.com/image/312/312/kesv0y80/mobile/h/p/q/redmi-9i-mzb0814in-original-imafvehkgzghyqtp.jpeg?q=70,"REDMI 9i (Midnight Black, 64 GB)",4.3,4 GB RAM | 64 GB ROM | Expandable Upto 512 GB,16.59 cm (6.53 inch) HD+ Display,13MP Rear Camera | 5MP Front Camera,5000 mAh Lithium Polymer Battery,MediaTek Helio G25 Processor,Brand Warranty of 1 Year Available for Mobile and 6 Months for Accessories,8499
https://rukminim2.flixcart.com/image/312/312/xif0q/mobile/2/s/g/-original-imagq35cvc36ahur.jpeg?q=70,"REDMI K50i 5G (Stealth Black, 256 GB)",4.2,8 GB RAM | 256 GB ROM,16.76 cm (6.6 inch) Full HD+ Display,64MP + 8MP + 2MP | 16MP Front Camera,5080 mAh Battery,Dimensity 8100 Processor,1 Year Manufacturer Warranty for Phone and 6 Months Warranty for In the Box Accessories,26990
https://rukminim2.flixcart.com/image/312/312/kdnf98w0/mobile/t/q/x/mi-redmi-note-9-pro-max-redmi-note-9-pro-max-original-imafug8czmh33peh.jpeg?q=70,"REDMI Note 9 Pro Max (Interstellar Black, 64 GB)",4.4,6 GB RAM | 64 GB ROM | Expandable Upto 512 GB,16.94 cm (6.67 inch) Full HD+ Display,64MP + 8MP + 5MP + 2MP | 32MP Front Camera,5020 mAh Lithium Polymer Battery,Qualcomm Snapdragon 720G Processor,1 Year Manufacturer Warranty for Device and 6 Months Manufacturer Warranty for In-box Accessories,18999
https://rukminim2.flixcart.com/image/312/312/kjrh2fk0/mobile/h/f/p/10i-m2007j17i-mi-original-imafz9bbg2gesefa.jpeg?q=70,"Mi 10i (Atlantic Blue, 128 GB)",4.3,6 GB RAM | 128 GB ROM,16.94 cm (6.67 inch) Full HD+ Display,108MP + 8MP + 2MP + 2MP | 16MP Front Camera,4820 mAh Battery,Qualcomm SM7225 Snapdragon 750G 5G (8 nm) Processor,1 year manufacturer warranty for device and 6 months manufacturer warranty for in-box accessories including batteries from the date of purchase,19990
https://rukminim2.flixcart.com/image/312/312/ky7lci80/mobile/4/n/d/-original-imagag2gdzpdfsdf.jpeg?q=70,"Xiaomi 11i 5G (Stealth Black, 128 GB)",4.2,6 GB RAM | 128 GB ROM | Expandable Upto 1 TB,16.94 cm (6.67 inch) Full HD+ AMOLED Display,108MP Rear Camera | 16MP Front Camera,5160 mAh Li-Polymer Battery,Mediatek Dimensity 920 Processor,1 Year Manufacturer Warranty for Phone and 6 Months Warranty for in the Box Accessories,24990
https://rukminim2.flixcart.com/image/312/312/xif0q/mobile/e/h/j/-original-imagxg47qr5wzvyh.jpeg?q=70,"REDMI 13C (Stardust Black, 128 GB)",4.2,6 GB RAM | 128 GB ROM | Expandable Upto 1 TB,17.12 cm (6.74 inch) HD+ Display,50MP Rear Camera | 8MP Front Camera,5000 mAh Battery,Helio G85 Processor,1 Year Manufacturer Warranty for Phone and 6 Months Warranty for In the Box Accessories,8799
https://rukminim2.flixcart.com/image/312/312/ky7lci80/mobile/y/0/v/-original-imagagf6reaugwfw.jpeg?q=70,"Xiaomi 11i Hypercharge 5G (Pacific Pearl, 128 GB)",4.2,6 GB RAM | 128 GB ROM | Expandable Upto 1 TB,16.94 cm (6.67 inch) Full HD+ AMOLED Display,108MP + 8MP + 2MP | 16MP Front Camera,4500 mAh Li-Polymer Battery,Mediatek Dimensity 920 Processor,1 Year Manufacturer Warranty for Phone and 6 Months Warranty for In the Box Accessories,26999
https://rukminim2.flixcart.com/image/312/312/ky7lci80/mobile/u/8/a/-original-imagagf66vugzwut.jpeg?q=70,"Xiaomi 11i Hypercharge 5G (Camo Green, 128 GB)",4.2,6 GB RAM | 128 GB ROM | Expandable Upto 1 TB,16.94 cm (6.67 inch) Full HD+ AMOLED Display,108MP + 8MP + 2MP | 16MP Front Camera,4500 mAh Li-Polymer Battery,Mediatek Dimensity 920 Processor,1 Year Manufacturer Warranty for Phone and 6 Months Warranty for In the Box Accessories,26999
https://rukminim2.flixcart.com/image/312/312/k1fbmvk0/mobile/k/b/e/mi-redmi-8-mzb8250in-original-imafhyabpggagngr.jpeg?q=70,"Redmi 8 (Onyx Black, 64 GB)",4.4,4 GB RAM | 64 GB ROM | Expandable Upto 512 GB,15.8 cm (6.22 inch) HD+ Display,12MP + 2MP | 8MP Front Camera,5000 mAh Battery,Qualcomm Snapdragon 439 Processor,Brand Warranty of 1 Year Available for Mobile and 6 Months for Accessories,10999
https://rukminim2.flixcart.com/image/312/312/ky7lci80/mobile/u/8/a/-original-imagagf66vugzwut.jpeg?q=70,"Xiaomi 11i Hypercharge 5G (Camo Green, 128 GB)",4.2,8 GB RAM | 128 GB ROM | Expandable Upto 1 TB,16.94 cm (6.67 inch) Full HD+ AMOLED Display,108MP + 8MP + 2MP | 16MP Front Camera,4500 mAh Li-Polymer Battery,Mediatek Dimensity 920 Processor,1 Year Manufacturer Warranty for Phone and 6 Months Warranty for In the Box Accessories,28999
https://rukminim2.flixcart.com/image/312/312/mobile/3/q/h/mi-mzb4239in-original-imae3z7uqh9gpypz.jpeg?q=70,"MI4 (White, 16 GB)",4.1,3 GB RAM | 16 GB ROM,12.7 cm (5 inch) Full HD Display,13MP Rear Camera | 8MP Front Camera,3080 mAh Lithium-ion Polymer Battery,Qualcomm MSM8274AC Snapdragon 801 Krait 400 Processor,Brand Warranty of 1 Year Available for Mobile and 6 Months for Accessories,14999
https://rukminim2.flixcart.com/image/312/312/ke0a7ww0/mobile/u/v/h/mi-redmi-9-prime-m2004j191-original-imafushhnazgtpzr.jpeg?q=70,"REDMI 9 Prime (Matte Black, 64 GB)",4.4,4 GB RAM | 64 GB ROM | Expandable Upto 512 GB,16.59 cm (6.53 inch) Full HD+ Display,13MP + 8MP + 5MP + 2MP | 8MP Front Camera,5020 mAh Battery,MediaTek Helio G80 Processor,1 Year Manufacturer Warranty,11999
https://rukminim2.flixcart.com/image/312/312/k6tniq80/mobile/v/z/j/mi-redmi-8a-dual-b07x1ktaa-original-imafp73gqsrtspkk.jpeg?q=70,"REDMI 8A Dual (Sky White, 32 GB)",4.3,2 GB RAM | 32 GB ROM | Expandable Upto 512 GB,15.8 cm (6.22 inch) HD+ Display,13MP + 2MP | 8MP Front Camera,5000 mAh Lithium Polymer Battery,Qualcomm Snapdragon 439 Processor,1 Year Manufacturer Warranty for Device and 6 Months Manufacturer Warranty for Inbox Accessories Including Batteries from the Date of Purchase,7499
https://rukminim2.flixcart.com/image/312/312/k3xcdjk0pkrrdj/mobile-refurbished/5/w/6/redmi-note-7s-32-a-mzb7745in-mi-3-original-imafe48ru3s66sjd.jpeg?q=70,"Redmi Note 7S (Sapphire Blue, 32 GB)",4.4,3 GB RAM | 32 GB ROM | Expandable Upto 256 GB,16.0 cm (6.3 inch) Full HD+ Display,48MP + 5MP | 13MP Front Camera,4000 mAh Battery,Qualcomm Snapdragon 660 AIE Processor,Splash Proof - Protected by P2i,11999
https://rukminim2.flixcart.com/image/312/312/k0y6cnk0/mobile/u/e/p/mi-redmi-8a-mzb8458in-original-imafkmhycvhcsrzm.jpeg?q=70,"Redmi 8A (Ocean Blue, 32 GB)",4.4,2 GB RAM | 32 GB ROM | Expandable Upto 512 GB,15.8 cm (6.22 inch) HD+ Display,12MP Rear Camera | 8MP Front Camera,5000 mAh Battery,Qualcomm Snapdragon 439 Processor,Brand Warranty of 1 Year Available for Mobile and 6 Months for Accessories,7999
https://rukminim2.flixcart.com/image/312/312/kj0bp8w0-0/mobile/d/e/1/9-power-mobhqab1-redmi-original-imafyz93hghvjkmu.jpeg?q=70,"REDMI 9 Power (Mighty Black, 64 GB)",4.3,4 GB RAM | 64 GB ROM,16.59 cm (6.53 inch) Full HD+ Display,48MP + 8MP + 2MP + 2MP | 8MP Front Camera,6000 mAh Battery,Qualcomm Snapdragon 662 Processor,1 year manufacturer warranty for device and 6 months manufacturer warranty for in-box accessories including batteries from the date of purchase,13999
https://rukminim2.flixcart.com/image/312/312/ke1pnrk0/mobile/h/f/2/mi-redmi-9-prime-m2004j191-original-imafutb5637bes8y.jpeg?q=70,"REDMI 9 Prime (Space Blue, 64 GB)",4.4,4 GB RAM | 64 GB ROM | Expandable Upto 512 GB,16.59 cm (6.53 inch) Full HD+ Display,13MP + 8MP + 5MP + 2MP | 8MP Front Camera,5020 mAh Battery,MediaTek Helio G80 Processor,1 Year Manufacturer Warranty,11999
https://rukminim2.flixcart.com/image/312/312/k1fbmvk0/mobile/4/f/f/mi-redmi-8-mzb8251in-original-imafhyacmxaefxgw.jpeg?q=70,"Redmi 8 (Ruby Red, 64 GB)",4.4,4 GB RAM | 64 GB ROM | Expandable Upto 512 GB,15.8 cm (6.22 inch) HD+ Display,12MP + 2MP | 8MP Front Camera,5000 mAh Battery,Qualcomm Snapdragon 439 Processor,Brand Warranty of 1 Year Available for Mobile and 6 Months for Accessories,10999
https://rukminim2.flixcart.com/image/312/312/k0lbdzk0pkrrdj/mobile/z/j/a/mi-redmi-note-7-pro-mzb7465in-original-imafhvrdmeyweauc.jpeg?q=70,"Redmi Note 7 Pro (Space Black, 64 GB)",4.5,6 GB RAM | 64 GB ROM | Expandable Upto 256 GB,16.0 cm (6.3 inch) Full HD+ Display,48MP + 5MP | 13MP Front Camera,4000 mAh Li-polymer Battery,Qualcomm Snapdragon 675 Processor,Splash Proof - Protected by P2i,16999
https://rukminim2.flixcart.com/image/312/312/k0lbdzk0pkrrdj/mobile/q/t/v/mi-redmi-note-7-pro-mzb7467in-original-imafhvrd6mbtyaax.jpeg?q=70,"Redmi Note 7 Pro (Neptune Blue, 64 GB)",4.5,6 GB RAM | 64 GB ROM | Expandable Upto 256 GB,16.0 cm (6.3 inch) Full HD+ Display,48MP + 5MP | 13MP Front Camera,4000 mAh Li-polymer Battery,Qualcomm Snapdragon 675 Processor,Splash Proof - Protected by P2i,16999
https://rukminim2.flixcart.com/image/312/312/jteoosw0/mobile/z/h/x/mi-redmi-go-mzb7184in-original-imaferc8fhhzqwyf.jpeg?q=70,"Redmi Go (Black, 8 GB)",4.3,1 GB RAM | 8 GB ROM | Expandable Upto 128 GB,12.7 cm (5 inch) HD Display,8MP Rear Camera | 5MP Front Camera,3000 mAh Li Polymer Battery,Qualcomm Snapdragon 425 Processor,Brand Warranty of 1 Year Available for Mobile and 6 Months for Accessories,5999
https://rukminim2.flixcart.com/image/312/312/k2tc1ow0pkrrdj/mobile-refurbished/f/p/s/redmi-note-7s-32-b-mzb7746in-mi-3-original-imafe48pmu5q6ygz.jpeg?q=70,"Redmi Note 7 (Ruby Red, 32 GB)",4.4,3 GB RAM | 32 GB ROM | Expandable Upto 256 GB,16.0 cm (6.3 inch) Full HD+ Display,12MP + 2MP | 13MP Front Camera,4000 mAh Li-polymer Battery,Qualcomm Snapdragon 660 AIE Processor,Splash Proof - Protected by P2i,9900
https://rukminim2.flixcart.com/image/312/312/k0lbdzk0pkrrdj/mobile/y/m/h/mi-redmi-note-7-pro-mzb7466in-original-imafhvrdxeueacku.jpeg?q=70,"Redmi Note 7 Pro (Nebula Red, 64 GB)",4.5,6 GB RAM | 64 GB ROM | Expandable Upto 256 GB,16.0 cm (6.3 inch) Full HD+ Display,48MP + 5MP | 13MP Front Camera,4000 mAh Li-polymer Battery,Qualcomm Snapdragon 675 Processor,Splash Proof - Protected by P2i,16999
https://rukminim2.flixcart.com/image/312/312/xif0q/mobile/p/x/p/-original-imagxg47kjmy9qym.jpeg?q=70,"REDMI 13C (Starshine Green, 256 GB)",4.1,8 GB RAM | 256 GB ROM,17.12 cm (6.74 inch) Display,50MP Rear Camera,5000 mAh Battery,1 Year,NA,11499
https://rukminim2.flixcart.com/image/312/312/kmds4nk0/mobile/w/x/h/note-10-pro-max-mzb08wqxc2-redmi-original-imagfatzvsynfmau.jpeg?q=70,"REDMI Note 10 Pro Max (Dark Night, 128 GB)",4.3,8 GB RAM | 128 GB ROM | Expandable Upto 512 GB,16.94 cm (6.67 inch) Full HD+ Display,108MP + 8MP + 5MP + 2MP | 16MP Front Camera,5020 mAh Li-Polymer Battery,Qualcomm Snapdragon 732G Processor,1 Year Manufacturer Warranty for Device and 6 Months Manufacturer Warranty for In-box Accessories Including Batteries from the Date of Purchase,24999
https://rukminim2.flixcart.com/image/312/312/xif0q/mobile/c/p/m/-original-imagdrgp8pkbzccw.jpeg?q=70,"REDMI 10A (Slate Grey, 32 GB)",4.1,3 GB RAM | 32 GB ROM,16.59 cm (6.53 inch) Display,13MP Rear Camera,5000 mAh Battery,1 Year Brand Warranty,NA,8999
https://rukminim2.flixcart.com/image/312/312/kv1a4cw0/mobile/d/f/x/note-10-lite-2109106a1i-redmi-original-imag8yv4dzqyenwt.jpeg?q=70,"REDMI NOTE 10 LITE (Champagne Gold, 128 GB)",4.3,6 GB RAM | 128 GB ROM,16.94 cm (6.67 inch) Display,48MP Rear Camera,5020 mAh Battery,1 Year Manufacturer Warranty,NA,13790
https://rukminim2.flixcart.com/image/312/312/kv1a4cw0/mobile/t/v/3/note-10-lite-2109106a1i-redmi-original-imag8yuh2gpuxfha.jpeg?q=70,"REDMI Note 10 Lite (Glacier White, 128 GB)",4.3,6 GB RAM | 128 GB ROM,16.94 cm (6.67 inch) Display,48MP Rear Camera,5020 mAh Battery,1 Year Manufacturer Warranty,NA,12498
https://rukminim2.flixcart.com/image/312/312/kv1a4cw0/mobile/3/r/p/note-10-lite-2109106a1i-redmi-original-imag8yvazxeycrjd.jpeg?q=70,"REDMI NOTE 10 LITE (Aurora Blue, 128 GB)",4.3,6 GB RAM | 128 GB ROM,16.94 cm (6.67 inch) Display,48MP Rear Camera,5020 mAh Battery,1 Year Manufacturer Warranty,NA,10899
https://rukminim2.flixcart.com/image/312/312/kua4r680/mobile/u/j/q/m2002f4lg-m1910f4g-redmi-note-10-lite-redmi-original-imag7f7f948xchx5.jpeg?q=70,"REDMI NOTE 10 LITE (Aurora Blue, 128 GB)",4.3,4 GB RAM | 128 GB ROM,16.94 cm (6.67 inch) Display,48MP Rear Camera,5020 mAh Battery,1 Year Manufacturer Warranty,NA,13299
https://rukminim2.flixcart.com/image/312/312/kv1a4cw0/mobile/d/f/x/note-10-lite-2109106a1i-redmi-original-imag8yv4dzqyenwt.jpeg?q=70,"REDMI NOTE 10 LITE (Champagne Gold, 64 GB)",4.3,4 GB RAM | 64 GB ROM,16.94 cm (6.67 inch) Display,48MP Rear Camera,5020 mAh Battery,1 Year Manufacturer Warranty,NA,9980
https://rukminim2.flixcart.com/image/312/312/jt641ow0/mobile/d/w/k/mi-redmi-note-7-pro-na-original-imafe4bbyfppbnuu.jpeg?q=70,"Redmi Note 7 Pro (Neptune Blue, 128 GB)",4.5,6 GB RAM | 128 GB ROM | Expandable Upto 256 GB,16.0 cm (6.3 inch) Full HD+ Display,48MP + 5MP | 13MP Front Camera,4000 mAh Li-polymer Battery,Qualcomm Snapdragon 675 Processor,Splash Proof - Protected by P2i,13999
https://rukminim2.flixcart.com/image/312/312/xif0q/mobile/a/3/q/-original-imagdrghswubhh2p.jpeg?q=70,"REDMI 10A (CHARCOAL BLACK, 128 GB)",4.1,6 GB RAM | 128 GB ROM,16.59 cm (6.53 inch) Display,13MP Rear Camera,5000 mAh Battery,1 Year Manufacturer Warranty for Handset and 6 Months Warranty for In the Box Accessories,NA,NA
https://rukminim2.flixcart.com/image/312/312/xif0q/mobile/o/r/o/11-prime-5g-22041219i-redmi-original-imagp8sw5cgwvgwp.jpeg?q=70,"REDMI 11 Prime 5G (Meadow Green, 64 GB)",4.2,4 GB RAM | 64 GB ROM,16.71 cm (6.58 inch) Display,50MP Rear Camera,5000 mAh Battery,1 Year,NA,12990
https://rukminim2.flixcart.com/image/312/312/kua4r680/mobile/n/o/b/m2002f4lg-m1910f4g-redmi-note-10-lite-redmi-original-imag7f7fqkuma9rf.jpeg?q=70,"REDMI Note 10 lite (Glacier White, 64 GB)",4.2,4 GB RAM | 64 GB ROM,16.94 cm (6.67 inch) Display,48MP Rear Camera,5018 mAh Battery,12 months,NA,13499
https://rukminim2.flixcart.com/image/312/312/kua4r680/mobile/n/o/b/m2002f4lg-m1910f4g-redmi-note-10-lite-redmi-original-imag7f7fqkuma9rf.jpeg?q=70,"REDMI NOTE 10 LITE (Glacier White, 128 GB)",4.2,4 GB RAM | 128 GB ROM,16.94 cm (6.67 inch) Display,48MP Rear Camera,5020 mAh Battery,12 months,NA,12616
https://rukminim2.flixcart.com/image/312/312/ke1pnrk0/mobile/h/f/2/mi-redmi-9-prime-m2004j191-original-imafutb5637bes8y.jpeg?q=70,"REDMI 9 Prime (Space Blue, 128 GB)",4.4,4 GB RAM | 128 GB ROM | Expandable Upto 512 GB,16.59 cm (6.53 inch) Full HD+ Display,13MP + 8MP + 5MP + 2MP | 8MP Front Camera,5020 mAh Battery,MediaTek Helio G80 Processor,1 Year Manufacturer Warranty,11650
https://rukminim2.flixcart.com/image/312/312/xif0q/mobile/0/g/w/note-12-5g-mzb0eiain-redmi-original-imagpgr9ngapjhxq.jpeg?q=70,"REDMI Note 12 5G (Mystique Blue, 128 GB)",3.9,4 GB RAM | 128 GB ROM | Expandable Upto 1 TB,16.94 cm (6.67 inch) Full HD+ AMOLED Display,48MP + 8MP + 2MP | 13MP Front Camera,5000 mAh Battery,Qualcomm Snapdragon 4 Gen 1 Processor,1 Year Manufacturer Warranty for Phone and 6 Months Warranty for In the Box Accessories,15499
https://rukminim2.flixcart.com/image/312/312/k3xcdjk0pkrrdj/mobile-refurbished/5/w/6/redmi-note-7s-32-a-mzb7745in-mi-3-original-imafe48ru3s66sjd.jpeg?q=70,"Redmi Note 7 (Sapphire Blue, 64 GB)",4.5,4 GB RAM | 64 GB ROM | Expandable Upto 256 GB,16.0 cm (6.3 inch) Full HD+ Display,12MP + 2MP | 13MP Front Camera,4000 mAh Li-polymer Battery,Qualcomm Snapdragon 660 AIE Processor,Splash Proof - Protected by P2i,11999
https://rukminim2.flixcart.com/image/312/312/ke0a7ww0/mobile/u/v/h/mi-redmi-9-prime-m2004j191-original-imafushhnazgtpzr.jpeg?q=70,"REDMI 9 Prime (Matte Black, 128 GB)",4.4,4 GB RAM | 128 GB ROM | Expandable Upto 512 GB,16.59 cm (6.53 inch) Full HD+ Display,13MP + 8MP + 5MP + 2MP | 8MP Front Camera,5000 mAh Battery,MediaTek Helio G80 Processor,1 Year Manufacturer Warranty,NA
https://rukminim2.flixcart.com/image/312/312/k3xcdjk0pkrrdj/mobile-refurbished/q/d/5/redmi-note-7s-32-u-mzb7744in-mi-3-original-imafe48yggp2za54.jpeg?q=70,"Redmi Note 7 (Onyx Black, 64 GB)",4.5,4 GB RAM | 64 GB ROM | Expandable Upto 256 GB,16.0 cm (6.3 inch) Full HD+ Display,12MP + 2MP | 13MP Front Camera,4000 mAh Li-polymer Battery,Qualcomm Snapdragon 660 AIE Processor,Splash Proof - Protected by P2i,10999
https://rukminim2.flixcart.com/image/312/312/kox8b680/mobile/q/u/g/11x-pro-5g-11x-pro-mi-original-imag39qh8v7cw35h.jpeg?q=70,"Mi 11X Pro 5G (Cosmic Black, 128 GB)",4.0,8 GB RAM | 128 GB ROM,16.94 cm (6.67 inch) Full HD+ Display,108MP + 8MP + 5MP | 20MP Front Camera,4520 mAh Battery,Qualcomm Snapdragon 888 Processor,1 Year Manufacturer Warranty for Device and 6 Months Manufacturer Warranty for In-box Accessories,25449
https://rukminim2.flixcart.com/image/312/312/jn4x47k0/mobile/y/y/h/mi-redmi-y2-y2-original-imaf9vyzpfsvchmp.jpeg?q=70,"Redmi Y2 (Blue, 32 GB)",4.5,3 GB RAM | 32 GB ROM | Expandable Upto 256 GB,15.21 cm (5.99 inch) HD+ Display,12MP + 5MP | 16MP Front Camera,3080 mAh Li Polymer Battery,Qualcomm Snapdragon 625 Processor,Brand Warranty of 1 Year Available for Mobile and 6 Months for Accessories,9299
https://rukminim2.flixcart.com/image/312/312/kjlrb0w0/mobile/6/a/e/mi-10i-m10ix06-original-imafz53gjzqae2kr.jpeg?q=70,"Mi 10i (Midnight Black, 128 GB)",4.3,8 GB RAM | 128 GB ROM,16.94 cm (6.67 inch) Full HD+ Display,108MP + 8MP + 2MP + 2MP | 16MP Front Camera,4820 mAh Battery,Qualcomm® Snapdragon™ 750G Processor,1 year manufacturer warranty for device and 6 months manufacturer warranty for in-box accessories including batteries from the date of purchase,19370
https://rukminim2.flixcart.com/image/312/312/kjlrb0w0/mobile/6/a/e/mi-10i-m10ix06-original-imafz53gjzqae2kr.jpeg?q=70,"Mi 10i (Midnight Black, 128 GB)",4.3,6 GB RAM | 128 GB ROM,16.94 cm (6.67 inch) Full HD+ Display,108MP + 8MP + 2MP + 2MP | 16MP Front Camera,4820 mAh Battery,Qualcomm® Snapdragon™ 750G Processor,1 year manufacturer warranty for device and 6 months manufacturer warranty for in-box accessories including batteries from the date of purchase,17970
https://rukminim2.flixcart.com/image/312/312/kjlrb0w0-0/mobile/c/0/q/10i-m10ix02-mi-original-imafz4rnzbetadrk.jpeg?q=70,"Mi 10i (Pacific Sunrise, 128 GB)",4.3,8 GB RAM | 128 GB ROM,16.94 cm (6.67 inch) Full HD+ Display,108MP + 8MP + 2MP + 2MP | 16MP Front Camera,4820 mAh Battery,Qualcomm® Snapdragon™ 750G Processor,1 year manufacturer warranty for device and 6 months manufacturer warranty for in-box accessories including batteries from the date of purchase,25429
https://rukminim2.flixcart.com/image/312/312/jskofww0/mobile/y/h/u/mi-redmi-note-7-pro-na-original-imafe4b62yeycjfq.jpeg?q=70,"Redmi Note 7 Pro (Space Black, 64 GB)",4.5,4 GB RAM | 64 GB ROM | Expandable Upto 256 GB,16.0 cm (6.3 inch) Full HD+ Display,48MP + 5MP | 13MP Front Camera,4000 mAh Li-polymer Battery,Qualcomm Snapdragon 675 Processor,Splash Proof - Protected by P2i,10999
https://rukminim2.flixcart.com/image/312/312/kjrh2fk0/mobile/h/f/p/10i-m2007j17i-mi-original-imafz9bbg2gesefa.jpeg?q=70,"Mi 10i (Atlantic Blue, 128 GB)",4.3,6 GB RAM | 128 GB ROM,16.94 cm (6.67 inch) Full HD+ Display,108MP + 8MP + 2MP + 2MP | 16MP Front Camera,4820 mAh Battery,Qualcomm SM7225 Snapdragon 750G 5G (8 nm) Processor,1 year manufacturer warranty for device and 6 months manufacturer warranty for in-box accessories including batteries from the date of purchase,17987
https://rukminim2.flixcart.com/image/312/312/kjlrb0w0-0/mobile/m/l/k/10i-m10ix09-mi-original-imafz4rnuqqxpfeg.jpeg?q=70,"Mi 10i (Atlantic Blue, 128 GB)",4.3,8 GB RAM | 128 GB ROM,16.94 cm (6.67 inch) Full HD+ Display,108MP + 8MP + 2MP + 2MP | 16MP Front Camera,4820 mAh Battery,Qualcomm® Snapdragon™ 750G Processor,1 year manufacturer warranty for device and 6 months manufacturer warranty for in-box accessories including batteries from the date of purchase,19390
https://rukminim2.flixcart.com/image/312/312/jyxaw7k0/mobile/t/r/k/mi-redmi-6a-m1804c3ci-original-imafbhfyjgzjfybm.jpeg?q=70,"Redmi 6A (Gold, 32 GB)",4.3,2 GB RAM | 32 GB ROM | Expandable Upto 128 GB,13.84 cm (5.45 inch) HD Display,13MP Rear Camera,3000 mAh Battery,Mediateck Processor,1 Year Manufacturer Warranty,6149
https://rukminim2.flixcart.com/image/312/312/k7usyvk0/mobile/g/u/h/mi-redmi-note-9-b0784d862l-original-imafqy27dchrz3af.jpeg?q=70,"Redmi Note 9 Pro (Interstellar Black, 128 GB)",4.3,6 GB RAM | 128 GB ROM | Expandable Upto 512 GB,16.94 cm (6.67 inch) Full HD+ Display,48MP + 8MP + 5MP + 2MP | 16MP Front Camera,5020 mAh Battery,Qualcomm® Snapdragon™ 720G Processor,1 year manufacturer warranty for device and 6 months manufacturer warranty for in-box accessories,15990
https://rukminim2.flixcart.com/image/312/312/jltrl3k0/mobile/h/b/z/mi-redmi-y2-y2-original-imaf87qtgnmpemmb.jpeg?q=70,"Redmi Y2 (Rose Gold, 32 GB)",4.5,3 GB RAM | 32 GB ROM | Expandable Upto 256 GB,15.21 cm (5.99 inch) HD+ Display,12MP + 5MP | 16MP Front Camera,3080 mAh Li Polymer Battery,Qualcomm Snapdragon 625 Processor,Brand Warranty of 1 Year Available for Mobile and 6 Months for Accessories,9499
https://rukminim2.flixcart.com/image/312/312/k7usyvk0/mobile/z/f/6/mi-redmi-note-9-b0784d862m-original-imafqy27hbtc37gv.jpeg?q=70,"Redmi Note 9 Pro (Aurora Blue, 128 GB)",4.3,6 GB RAM | 128 GB ROM | Expandable Upto 512 GB,16.94 cm (6.67 inch) Full HD+ Display,48MP + 8MP + 5MP + 2MP | 16MP Front Camera,5020 mAh Battery,Qualcomm® Snapdragon™ 720G Processor,1 year manufacturer warranty for device and 6 months manufacturer warranty for in-box accessories,17900
https://rukminim2.flixcart.com/image/312/312/xif0q/mobile/o/a/l/mi4-mi4-peace-original-imagjvqadcvfehrk.jpeg?q=70,Peace Mi4,3.1,64 MB RAM | 128 MB ROM,4.57 cm (1.8 inch) Display,2500 mAh Battery,1 Months Brand Warranty,NA,NA,1149
https://rukminim2.flixcart.com/image/312/312/keykscw0/mobile/k/g/w/mi-redmi-note-9-pro-max-m2003j6b1l-original-imafvj4vw773kgjr.jpeg?q=70,"Redmi Note 9 Pro (Champagne Gold, 64 GB)",4.3,4 GB RAM | 64 GB ROM,16.94 cm (6.67 inch) Full HD+ Display,48MP + 48MP + 8MP + 5MP + 2MP | 16MP Dual Front Camera,5020 mAh Battery,Qualcomm® Snapdragon™ 720G Processor,1 Year,13690
https://rukminim2.flixcart.com/image/312/312/keykscw0/mobile/k/g/w/mi-redmi-note-9-pro-max-m2003j6b1l-original-imafvj4vw773kgjr.jpeg?q=70,"Redmi Note 9 Pro (Champagne Gold, 128 GB)",4.3,4 GB RAM | 128 GB ROM | Expandable Upto 512 GB,16.94 cm (6.67 inch) Full HD+ Display,48MP + 8MP + 5MP + 2MP | 16MP Front Camera,5020 mAh Battery,Qualcomm® Snapdragon™ 720G Processor,1 year manufacturer warranty for device and 6 months manufacturer warranty for in-box accessories,14640
https://rukminim2.flixcart.com/image/312/312/k7usyvk0/mobile/k/n/u/mi-redmi-note-9-b0784d7nfq-original-imafqy27p5tuzx77.jpeg?q=70,"Redmi Note 9 Pro (Glacier White, 64 GB)",4.3,4 GB RAM | 64 GB ROM | Expandable Upto 512 GB,16.94 cm (6.67 inch) Full HD+ Display,48MP + 8MP + 5MP + 2MP | 16MP Front Camera,5020 mAh Battery,Qualcomm® Snapdragon™ 720G Processor,1 year manufacturer warranty for device and 6 months manufacturer warranty for in-box accessories,13999
https://rukminim2.flixcart.com/image/312/312/jlv70y80/mobile/3/e/u/mi-redmi-y2-y2-original-imaf75frvsu6my2q.jpeg?q=70,"Redmi Y2 (Dark Grey, 32 GB)",4.5,3 GB RAM | 32 GB ROM | Expandable Upto 256 GB,15.21 cm (5.99 inch) HD+ Display,12MP + 5MP | 16MP Front Camera,3080 mAh Li Polymer Battery,Qualcomm Snapdragon 625 Processor,Brand Warranty of 1 Year Available for Mobile and 6 Months for Accessories,8999
https://rukminim2.flixcart.com/image/312/312/jnnhua80/mobile/a/d/j/mi-redmi-y2-y2-original-imafaabg2b2kyrct.jpeg?q=70,"Redmi Y2 (Black, 32 GB)",4.5,3 GB RAM | 32 GB ROM | Expandable Upto 256 GB,15.21 cm (5.99 inch) HD+ Display,12MP + 5MP | 16MP Front Camera,3080 mAh Li Polymer Battery,Qualcomm Snapdragon 625 Processor,Brand Warranty of 1 Year Available for Mobile and 6 Months for Accessories,7990
https://rukminim2.flixcart.com/image/312/312/k7usyvk0/mobile/z/f/6/mi-redmi-note-9-b0784d862m-original-imafqy27hbtc37gv.jpeg?q=70,"Redmi Note 9 Pro (Aurora Blue, 128 GB)",4.3,4 GB RAM | 128 GB ROM | Expandable Upto 512 GB,16.94 cm (6.67 inch) Full HD+ Display,48MP + 8MP | 16MP Front Camera,5020 mAh Battery,Qualcomm Snapdragon 720G Processor,1 year manufacturer warranty for device and 6 months manufacturer warranty for in-box accessories,14199
https://rukminim2.flixcart.com/image/312/312/kcdp5zk0/mobile/6/e/k/mi-redmi-note-9-pro-mzb9105in-original-imaftgy6gwe9vnqr.jpeg?q=70,"Redmi Note 9 Pro (Glacier White, 128 GB)",4.3,4 GB RAM | 128 GB ROM | Expandable Upto 512 GB,16.94 cm (6.67 inch) Full HD+ Display,48MP + 8MP + 5MP + 2MP | 16MP Front Camera,5020 mAh Battery,Qualcomm® Snapdragon™ 720G Processor,1 year manufacturer warranty for device and 6 months manufacturer warranty for in-box accessories,15490
https://rukminim2.flixcart.com/image/312/312/k7usyvk0/mobile/z/f/6/mi-redmi-note-9-b0784d862m-original-imafqy27hbtc37gv.jpeg?q=70,"Redmi Note 9 Pro (Aurora Blue, 64 GB)",4.3,4 GB RAM | 64 GB ROM | Expandable Upto 512 GB,16.94 cm (6.67 inch) Full HD+ Display,48MP + 8MP + 5MP + 2MP | 16MP Front Camera,5020 mAh Battery,Qualcomm® Snapdragon™ 720G Processor,1 year manufacturer warranty for device and 6 months manufacturer warranty for in-box accessories,11990
https://rukminim2.flixcart.com/image/312/312/kod858w0/mobile/m/j/h/11x-pro-11x-pro-mi-original-imag2tzmnbhuhgjj.jpeg?q=70,"Mi 11x Pro 5G (Lunar White, 256 GB)",4.0,8 GB RAM | 256 GB ROM,16.94 cm (6.67 inch) Display,108MP Rear Camera,4520 mAh Battery,1 year on phone & 6 months on box accessories of domestic only,NA,34990
https://rukminim2.flixcart.com/image/312/312/k2tc1ow0pkrrdj/mobile-refurbished/f/p/s/redmi-note-7s-32-b-mzb7746in-mi-3-original-imafe48pmu5q6ygz.jpeg?q=70,"Redmi Note 7 (Ruby Red, 64 GB)",4.5,4 GB RAM | 64 GB ROM | Expandable Upto 256 GB,16.0 cm (6.3 inch) Full HD+ Display,12MP + 2MP | 13MP Front Camera,4000 mAh Li-polymer Battery,Qualcomm Snapdragon 660 AIE Processor,Splash Proof - Protected by P2i,9999
https://rukminim2.flixcart.com/image/312/312/k7usyvk0/mobile/g/u/h/mi-redmi-note-9-b0784d862l-original-imafqy27dchrz3af.jpeg?q=70,"Redmi Note 9 Pro (Interstellar Black, 64 GB)",4.3,4 GB RAM | 64 GB ROM | Expandable Upto 512 GB,16.94 cm (6.67 inch) Full HD+ Display,48MP + 8MP + 5MP + 2MP | 16MP Front Camera,5020 mAh Battery,Qualcomm® Snapdragon™ 720G Processor,1 year manufacturer warranty for device and 6 months manufacturer warranty for in-box accessories,14490
https://rukminim2.flixcart.com/image/312/312/kjlrb0w0-0/mobile/m/l/k/10i-m10ix09-mi-original-imafz4rnuqqxpfeg.jpeg?q=70,"Mi 10i (Atlantic Blue, 64 GB)",4.3,6 GB RAM | 64 GB ROM,16.94 cm (6.67 inch) Full HD+ Display,108MP + 8MP + 2MP + 2MP | 16MP Front Camera,4820 mAh Battery,Qualcomm® Snapdragon™ 750G Processor,1 year manufacturer warranty for device and 6 months manufacturer warranty for in-box accessories including batteries from the date of purchase,23999
https://rukminim2.flixcart.com/image/312/312/keykscw0/mobile/k/g/w/mi-redmi-note-9-pro-max-m2003j6b1l-original-imafvj4vw773kgjr.jpeg?q=70,"Redmi Note 9 Pro (Champagne Gold, 128 GB)",4.3,6 GB RAM | 128 GB ROM | Expandable Upto 512 GB,16.94 cm (6.67 inch) Full HD+ Display,48MP + 8MP + 5MP + 2MP | 16MP Front Camera,5020 mAh Battery,Qualcomm® Snapdragon™ 720G Processor,1 year manufacturer warranty for device and 6 months manufacturer warranty for in-box accessories,19999
https://rukminim2.flixcart.com/image/312/312/kjlrb0w0-0/mobile/z/s/l/10i-m10ix04-mi-original-imafz4rur4pb57cz.jpeg?q=70,"Mi 10i (Midnight Black, 64 GB)",4.3,6 GB RAM | 64 GB ROM,16.94 cm (6.67 inch) Full HD+ Display,108MP + 8MP + 2MP + 2MP | 16MP Front Camera,4820 mAh Battery,Qualcomm® Snapdragon™ 750G Processor,1 year manufacturer warranty for device and 6 months manufacturer warranty for in-box accessories including batteries from the date of purchase,20990
https://rukminim2.flixcart.com/image/312/312/ky7lci80/mobile/y/0/v/-original-imagagf6reaugwfw.jpeg?q=70,"Xiaomi 11i Hypercharge 5G (Pacific Pearl, 128 GB)",4.2,8 GB RAM | 128 GB ROM | Expandable Upto 1 TB,16.94 cm (6.67 inch) Full HD+ AMOLED Display,108MP + 8MP + 2MP | 16MP Front Camera,4500 mAh Li-Polymer Battery,Mediatek Dimensity 920 Processor,1 Year Manufacturer Warranty for Phone and 6 Months Warranty for In the Box Accessories,23998
https://rukminim2.flixcart.com/image/312/312/k12go7k0/mobile/8/e/b/mi-redmi-8a-mzb8298in-original-imafkmhqztfbabww.jpeg?q=70,"Redmi 8A (Midnight Black, 32 GB)",4.4,3 GB RAM | 32 GB ROM | Expandable Upto 512 GB,15.8 cm (6.22 inch) HD+ Display,12MP Rear Camera | 8MP Front Camera,5000 mAh Battery,Qualcomm Snapdragon 439 Processor,Brand Warranty of 1 Year Available for Mobile and 6 Months for Accessories,7900
https://rukminim2.flixcart.com/image/312/312/ky7lci80/mobile/j/u/r/-original-imagagf6zvvbfjjg.jpeg?q=70,"Xiaomi 11i Hypercharge 5G (Stealth Black, 128 GB)",4.2,8 GB RAM | 128 GB ROM | Expandable Upto 1 TB,16.94 cm (6.67 inch) Full HD+ AMOLED Display,108MP + 8MP + 2MP | 16MP Front Camera,4500 mAh Li-Polymer Battery,Mediatek Dimensity 920 Processor,1 Year Manufacturer Warranty for Phone and 6 Months Warranty for In the Box Accessories,23740
https://rukminim2.flixcart.com/image/312/312/kmgn0cw0/mobile/i/q/y/note-10-pro-1153-redmi-original-imagfdfxkvjsf9ga.jpeg?q=70,"REDMI Note 10 Pro (Vintage Bronze, 128 GB)",4.3,6 GB RAM | 128 GB ROM,16.94 cm (6.67 inch) Display,64MP Rear Camera,5020 mAh Battery,1 year manufacturer warranty for device and 6 months manufacturer warranty for in-box accessories including batteries from the date of purchase,NA,17999
https://rukminim2.flixcart.com/image/312/312/xif0q/mobile/a/9/b/-original-imagjyhyrgdtnjjy.jpeg?q=70,"REDMI A1+ (Light Green, 32 GB)",4.2,2 GB RAM | 32 GB ROM | Expandable Upto 512 GB,16.56 cm (6.52 inch) HD+ Display,8MP Rear Camera | 5MP Front Camera,5000 mAh Lithium Polymer Battery,Mediatek Helio A22 Processor,1 Year Manufacturer Warranty for Phone and 6 Months Warranty for in the Box Accessories,7499
https://rukminim2.flixcart.com/image/312/312/k0y6cnk0/mobile/p/4/x/mi-redmi-8a-mzb8459in-original-imafkmg2mza82yyu.jpeg?q=70,"Redmi 8A (Sunset Red, 32 GB)",4.4,3 GB RAM | 32 GB ROM | Expandable Upto 512 GB,15.8 cm (6.22 inch) HD+ Display,12MP Rear Camera | 8MP Front Camera,5000 mAh Battery,Qualcomm Snapdragon 439 Processor,Brand Warranty of 1 Year Available for Mobile and 6 Months for Accessories,7990
https://rukminim2.flixcart.com/image/312/312/ke0a7ww0/mobile/4/r/e/mi-redmi-9-prime-m2004j191-original-imafushhfhy3tbp9.jpeg?q=70,"REDMI 9 Prime (Mint Green, 128 GB)",4.4,4 GB RAM | 128 GB ROM | Expandable Upto 512 GB,16.59 cm (6.53 inch) Full HD+ Display,13MP + 8MP + 5MP + 2MP | 8MP Front Camera,5020 mAh Battery,MediaTek Helio G80 Processor,1 Year Manufacturer Warranty,10999
https://rukminim2.flixcart.com/image/312/312/kjlrb0w0-0/mobile/c/0/q/10i-m10ix02-mi-original-imafz4rnzbetadrk.jpeg?q=70,"Mi 10i (Pacific Sunrise, 128 GB)",4.3,6 GB RAM | 128 GB ROM,16.94 cm (6.67 inch) Full HD+ Display,108MP + 8MP + 2MP + 2MP | 16MP Front Camera,4820 mAh Battery,Qualcomm® Snapdragon™ 750G Processor,1 year manufacturer warranty for device and 6 months manufacturer warranty for in-box accessories including batteries from the date of purchase,18190
https://rukminim2.flixcart.com/image/312/312/ky7lci80/mobile/i/w/n/-original-imagag2gugrdkbwu.jpeg?q=70,"Xiaomi 11i 5G (Camo Green, 128 GB)",4.2,8 GB RAM | 128 GB ROM | Expandable Upto 1 TB,16.94 cm (6.67 inch) Full HD+ AMOLED Display,108MP Rear Camera | 16MP Front Camera,5160 mAh Li-Polymer Battery,Mediatek Dimensity 920 Processor,1 Year Manufacturer Warranty for Phone and 6 Months Warranty for in the Box Accessories,22999
https://rukminim2.flixcart.com/image/312/312/xif0q/mobile/q/1/f/-original-imagkn6dut9njh7f.jpeg?q=70,"Xiaomi 11Lite NE (Vinyl Black, 128 GB)",4.2,6 GB RAM | 128 GB ROM,16.64 cm (6.55 inch) Display,64MP Rear Camera,4250 mAh Battery,1 Year Warranty,NA,21490
https://rukminim2.flixcart.com/image/312/312/ky7lci80/mobile/w/3/c/-original-imagag2gzgkcd5yx.jpeg?q=70,"Xiaomi 11i 5G (Pacific Pearl, 128 GB)",4.2,8 GB RAM | 128 GB ROM | Expandable Upto 1 TB,16.94 cm (6.67 inch) Full HD+ AMOLED Display,108MP Rear Camera | 16MP Front Camera,5160 mAh Li-Polymer Battery,Mediatek Dimensity 920 Processor,1 Year Manufacturer Warranty for Phone and 6 Months Warranty for in the Box Accessories,22999
https://rukminim2.flixcart.com/image/312/312/k6tniq80/mobile/u/d/h/mi-redmi-8a-dual-b07x1kta-original-imafp73grqyzv9t3.jpeg?q=70,"Redmi 8A Dual (Midnight Grey, 32 GB)",4.2,3 GB RAM | 32 GB ROM | Expandable Upto 512 GB,15.8 cm (6.22 inch) HD+ Display,13MP + 2MP | 8MP Front Camera,5000 mAh Lithium Polymer Battery,Qualcomm Snapdragon 439 Processor,1 Year Manufacturer Warranty for Device and 6 Months Manufacturer Warranty for Inbox Accessories Including Batteries from the Date of Purchase,6999
https://rukminim2.flixcart.com/image/312/312/ke1pnrk0/mobile/g/2/p/mi-redmi-9-prime-m2004j191-original-imafuteqf9gdxdcg.jpeg?q=70,"REDMI 9 Prime (Sunrise Flare, 128 GB)",4.4,4 GB RAM | 128 GB ROM | Expandable Upto 512 GB,16.59 cm (6.53 inch) Full HD+ Display,13MP + 8MP + 5MP + 2MP | 8MP Front Camera,5020 mAh Battery,MediaTek Helio G80 Processor,1 Year Manufacturer Warranty,11940
https://rukminim2.flixcart.com/image/312/312/ky7lci80/mobile/4/n/d/-original-imagag2gdzpdfsdf.jpeg?q=70,"Xiaomi 11i 5G (Stealth Black, 128 GB)",4.2,6 GB RAM | 128 GB ROM | Expandable Upto 1 TB,16.94 cm (6.67 inch) Full HD+ AMOLED Display,108MP Rear Camera | 16MP Front Camera,5160 mAh Li-Polymer Battery,Mediatek Dimensity 920 Processor,1 Year Manufacturer Warranty for Phone and 6 Months Warranty for in the Box Accessories,24999
https://rukminim2.flixcart.com/image/312/312/k6tniq80/mobile/y/z/q/mi-redmi-8a-dual-m2001c3k3i-original-imafp767fsgk9gdv.jpeg?q=70,"Redmi 8A Dual (Sea Blue, 32 GB)",4.2,3 GB RAM | 32 GB ROM | Expandable Upto 512 GB,15.8 cm (6.22 inch) HD+ Display,13MP + 2MP | 8MP Front Camera,5000 mAh Lithium Polymer Battery,Qualcomm Snapdragon 439 Processor,1 Year Manufacturer Warranty for Device and 6 Months Manufacturer Warranty for Inbox Accessories Including Batteries from the Date of Purchase,8289
https://rukminim2.flixcart.com/image/312/312/kesv0y80/mobile/b/y/9/redmi-9i-mzb0815in-original-imafvehwghyuphbc.jpeg?q=70,"REDMI 9i (Sea Blue, 128 GB)",4.3,4 GB RAM | 128 GB ROM | Expandable Upto 512 GB,16.59 cm (6.53 inch) HD+ Display,13MP Rear Camera | 5MP Front Camera,5000 mAh Lithium Polymer Battery,MediaTek Helio G25 Processor,Brand Warranty of 1 Year Available for Mobile and 6 Months for Accessories,9299
https://rukminim2.flixcart.com/image/312/312/mobile/d/f/d/spice-smart-flo-pace-2-mi-502-original-imadkzqpaechewvn.jpeg?q=70,"SPICE Smart Flo Pace 2 Mi-502 (White, 512 MB)",3.6,512 MB RAM | 512 MB ROM | Expandable Upto 32 GB,12.7 cm (5 inch) WVGA Display,5MP Rear Camera | 1.3MP Front Camera,2100 mAh Battery,1 Year for Mobile & 6 Months for Accessories,NA,8990
https://rukminim2.flixcart.com/image/312/312/kdxfc7k0/mobile/c/k/b/mi-10-mzb8923in-original-imafuq8sjfjuj3gv.jpeg?q=70,"Mi 10 (Coral Green, 256 GB)",4.1,8 GB RAM | 256 GB ROM,16.94 cm (6.67 inch) Display,108MP + 13MP + 2MP + 2MP | 20MP Front Camera,4780 mAh Battery,Qualcomm Snapdragon 865 Processor,Full HD+ 3D Curved E3 AMOLED HDR 10+ Display,59999
https://rukminim2.flixcart.com/image/312/312/mobile/v/h/f/spice-mi-320-original-imaddpyge22zvfht.jpeg?q=70,"SPICE Mi-320 (Black, 512 MB)",3.5,256 MB RAM | 512 MB ROM,8.1 cm (3.19 inch) Display,3.2MP Rear Camera,1200 mAh Battery,1 Year for Mobile & 6 Months for Accessories,NA,6199
https://rukminim2.flixcart.com/image/312/312/j16qm4w0/mobile/f/z/y/mi-redmi-1s-mzb4123in-original-imaestgf6zh7h7jq.jpeg?q=70,"Redmi 1S (Metal Gray, 8 GB)",4.3,1 GB RAM | 8 GB ROM | Expandable Upto 64 GB,11.94 cm (4.7 inch) HD Display,8MP Rear Camera | 1.6MP Front Camera,2000 mAh Battery,MSM8228 Processor,1 Year for Mobile & 6 Months for Accessories,5999
https://rukminim2.flixcart.com/image/312/312/mobile/x/h/j/spice-smart-flo-pace-mi-422-original-imadh68ataycqhzg.jpeg?q=70,"SPICE Smart Flo Pace Mi-422 (White, 512 MB)",3.7,512 MB RAM | 512 MB ROM | Expandable Upto 32 GB,10.16 cm (4 inch) WVGA Display,3.2MP Rear Camera | 1.3MP Front Camera,1300 mAh Battery,1 Year for Mobile & 6 Months for Accessories,NA,5999
https://rukminim2.flixcart.com/image/312/312/ky7lci80/mobile/w/3/c/-original-imagag2gzgkcd5yx.jpeg?q=70,"Xiaomi 11i 5G (Pacific Pearl, 128 GB)",4.2,6 GB RAM | 128 GB ROM | Expandable Upto 1 TB,16.94 cm (6.67 inch) Full HD+ AMOLED Display,108MP Rear Camera | 16MP Front Camera,5160 mAh Li-Polymer Battery,Mediatek Dimensity 920 Processor,1 Year Manufacturer Warranty for Phone and 6 Months Warranty for in the Box Accessories,24999
https://rukminim2.flixcart.com/image/312/312/k0y6cnk0/mobile/u/e/p/mi-redmi-8a-mzb8458in-original-imafkmhycvhcsrzm.jpeg?q=70,"Redmi 8A (Ocean Blue, 32 GB)",4.4,3 GB RAM | 32 GB ROM | Expandable Upto 512 GB,15.8 cm (6.22 inch) HD+ Display,12MP Rear Camera | 8MP Front Camera,5000 mAh Battery,Qualcomm Snapdragon 439 Processor,Brand Warranty of 1 Year Available for Mobile and 6 Months for Accessories,8500
https://rukminim2.flixcart.com/image/312/312/kcdp5zk0/mobile/6/e/k/mi-redmi-note-9-pro-mzb9105in-original-imaftgy6gwe9vnqr.jpeg?q=70,"Redmi Note 9 Pro (Glacier White, 128 GB)",4.3,6 GB RAM | 128 GB ROM | Expandable Upto 512 GB,16.94 cm (6.67 inch) Full HD+ Display,48MP + 8MP + 5MP + 2MP | 16MP Front Camera,5020 mAh Battery,Qualcomm® Snapdragon™ 720G Processor,1 year manufacturer warranty for device and 6 months manufacturer warranty for in-box accessories,18498
https://rukminim2.flixcart.com/image/312/312/kdqa4y80/screen-guard/screen-guard/h/z/e/marshland-gfg6765-original-imafukr7jybmbrrt.jpeg?q=70,"Redmi Note 9 Pro (Interstellar Black, 128 GB)",4.3,4 GB RAM | 128 GB ROM | Expandable Upto 512 GB,16.94 cm (6.67 inch) Full HD+ Display,48MP + 8MP | 16MP Front Camera,5020 mAh Battery,Qualcomm Snapdragon 720G Processor,1 year manufacturer warranty for device and 6 months manufacturer warranty for in-box accessories,14340
https://rukminim2.flixcart.com/image/312/312/kmccosw0/mobile/g/j/z/note-10-pro-m2010j19ds-redmi-original-imagf9zu7fymtz5k.jpeg?q=70,"REDMI Note 10 Pro Max (Vintage Bronze, 128 GB)",4.3,8 GB RAM | 128 GB ROM | Expandable Upto 512 GB,16.94 cm (6.67 inch) Full HD+ Display,108MP + 8MP + 5MP + 2MP | 16MP Front Camera,5020 mAh Li-Polymer Battery,Qualcomm Snapdragon 732G Processor,1 Year Manufacturer Warranty for Device and 6 Months Manufacturer Warranty for In-box Accessories Including Batteries from the Date of Purchase,24499
https://rukminim2.flixcart.com/image/312/312/ke353m80/mobile/e/w/8/mi-redmi-note-9-pro-max-m2003j6b1i-original-imafuufspghrmqh4.jpeg?q=70,"REDMI Note 9 Pro Max (Glacier White, 128 GB)",4.4,6 GB RAM | 128 GB ROM | Expandable Upto 512 GB,16.94 cm (6.67 inch) Full HD+ Display,64MP + 8MP + 5MP + 2MP | 32MP Front Camera,5020 mAh Lithium Polymer Battery,Qualcomm Snapdragon 720G Processor,1 Year Manufacturer Warranty for Device and 6 Months Manufacturer Warranty for In-box Accessories,17999
https://rukminim2.flixcart.com/image/312/312/k6tniq80/mobile/u/d/h/mi-redmi-8a-dual-b07x1kta-original-imafp73grqyzv9t3.jpeg?q=70,"REDMI 8A Dual (Midnight Grey, 32 GB)",4.3,2 GB RAM | 32 GB ROM | Expandable Upto 512 GB,15.8 cm (6.22 inch) HD+ Display,13MP + 2MP | 8MP Front Camera,5000 mAh Lithium Polymer Battery,Qualcomm Snapdragon 439 Processor,1 Year Manufacturer Warranty for Device and 6 Months Manufacturer Warranty for Inbox Accessories Including Batteries from the Date of Purchase,7799
https://rukminim2.flixcart.com/image/312/312/mobile/h/h/2/spice-mi-310-original-imadfftcdhjwjahf.jpeg?q=70,"SPICE Mi-310 (Brown, 85 MB)",3.0,85 MB ROM | Expandable Upto 16 GB,7.98 cm (3.14 inch) HVGA Display,2MP Rear Camera,1200 mAh Li-Ion Battery,1 Year for Mobile & 6 Months for Accessories,NA,8625
https://rukminim2.flixcart.com/image/312/312/xif0q/mobile/9/j/r/-original-imagjyhyaf7tdxnc.jpeg?q=70,"REDMI A1+ (Light Blue, 32 GB)",4.2,2 GB RAM | 32 GB ROM | Expandable Upto 512 GB,16.56 cm (6.52 inch) HD+ Display,8MP Rear Camera | 5MP Front Camera,5000 mAh Lithium Polymer Battery,Mediatek Helio A22 Processor,1 Year Manufacturer Warranty for Phone and 6 Months Warranty for in the Box Accessories,6190
https://rukminim2.flixcart.com/image/312/312/k3xcdjk0pkrrdj/mobile-refurbished/5/w/6/redmi-note-7s-32-a-mzb7745in-mi-3-original-imafe48ru3s66sjd.jpeg?q=70,"Redmi Note 7 (Sapphire Blue, 32 GB)",4.4,3 GB RAM | 32 GB ROM | Expandable Upto 256 GB,16.0 cm (6.3 inch) Full HD+ Display,12MP + 2MP | 13MP Front Camera,4000 mAh Li-polymer Battery,Qualcomm Snapdragon 660 AIE Processor,Splash Proof - Protected by P2i,9990
https://rukminim2.flixcart.com/image/312/312/k6tniq80/mobile/y/z/q/mi-redmi-8a-dual-m2001c3k3i-original-imafp767fsgk9gdv.jpeg?q=70,"REDMI 8A Dual (Sea Blue, 32 GB)",4.3,2 GB RAM | 32 GB ROM | Expandable Upto 512 GB,15.8 cm (6.22 inch) HD+ Display,13MP + 2MP | 8MP Front Camera,5000 mAh Lithium Polymer Battery,Qualcomm Snapdragon 439 Processor,1 Year Manufacturer Warranty for Device and 6 Months Manufacturer Warranty for Inbox Accessories Including Batteries from the Date of Purchase,7290
https://rukminim2.flixcart.com/image/312/312/jiklh8w0/mobile/d/g/e/mi-redmi-y1-mzb5753in-original-imaf6cafxzdmanxg.jpeg?q=70,"Redmi Y1 (Grey, 32 GB)",4.3,3 GB RAM | 32 GB ROM | Expandable Upto 128 GB,13.97 cm (5.5 inch) HD Display,13MP Rear Camera | 16MP Front Camera,3080 mAh Battery,Qualcomm Snapdragon 435 Processor,1 Year Manufacturer Warranty for Device and 6 Months Manufacturer Warranty for In-box Accessories including Battery,8490
https://rukminim2.flixcart.com/image/312/312/xif0q/mobile/r/o/o/-original-imaghkvuzxkcna4n.jpeg?q=70,"REDMI Note 12 Pro 5G (Stardust Purple, 128 GB)",4.2,8 GB RAM | 128 GB ROM,16.94 cm (6.67 inch) Full HD+ AMOLED Display,50MP (OIS) + 8MP + 2MP | 16MP Front Camera,5000 mAh Lithium Polymer Battery,Mediatek Dimensity 1080 Processor,1 Year Manufacturer Warranty for Phone and 6 Months Warranty for In the Box Accessories,22999
https://rukminim2.flixcart.com/image/312/312/kmds4nk0/mobile/w/x/h/note-10-pro-max-mzb08wqxc2-redmi-original-imagfatzvsynfmau.jpeg?q=70,"REDMI Note 10 Pro Max (Dark Night, 128 GB)",4.3,8 GB RAM | 128 GB ROM | Expandable Upto 512 GB,16.94 cm (6.67 inch) Full HD+ Display,108MP + 8MP + 5MP + 2MP | 16MP Front Camera,5020 mAh Li-Polymer Battery,Qualcomm Snapdragon 732G Processor,1 Year Manufacturer Warranty for Device and 6 Months Manufacturer Warranty for In-box Accessories Including Batteries from the Date of Purchase,20999
https://rukminim2.flixcart.com/image/312/312/jskofww0/mobile/3/u/t/mi-redmi-note-7-pro-na-original-imafe4bddnr7n5vb.jpeg?q=70,"Redmi Note 7 Pro (Nebula Red, 128 GB)",4.5,6 GB RAM | 128 GB ROM | Expandable Upto 256 GB,16.0 cm (6.3 inch) Full HD+ Display,48MP + 5MP | 13MP Front Camera,4000 mAh Li-polymer Battery,Qualcomm Snapdragon 675 Processor,Splash Proof - Protected by P2i,8889
https://rukminim2.flixcart.com/image/312/312/mobile/9/r/b/spice-smart-flo-mi-351-original-imadhxhzudp2b55d.jpeg?q=70,"SPICE Smart Flo Mi-351 (White, 512 MB)",1.8,256 MB RAM | 512 MB ROM | Expandable Upto 32 GB,8.89 cm (3.5 inch) HVGA Display,3.2MP Rear Camera | 1.3MP Front Camera,1600 mAh Battery,1 Year for Mobile & 6 Months for Accessories,NA,4499
https://rukminim2.flixcart.com/image/312/312/ky7lci80/mobile/k/b/g/-original-imagagf6fzbhuhny.jpeg?q=70,"Xiaomi 11i Hypercharge 5G (Purple Mist, 128 GB)",4.2,8 GB RAM | 128 GB ROM | Expandable Upto 1 TB,16.94 cm (6.67 inch) Full HD+ AMOLED Display,108MP + 8MP + 2MP | 16MP Front Camera,4500 mAh Li-Polymer Battery,Mediatek Dimensity 920 Processor,1 Year Manufacturer Warranty for Phone and 6 Months Warranty for In the Box Accessories,23990
https://rukminim2.flixcart.com/image/312/312/jiklh8w0/mobile/f/h/2/mi-redmi-y1-mzb5754in-original-imaf6cagj2upvr5x.jpeg?q=70,"Redmi Y1 (Gold, 32 GB)",4.3,3 GB RAM | 32 GB ROM | Expandable Upto 128 GB,13.97 cm (5.5 inch) HD Display,13MP Rear Camera | 16MP Front Camera,3080 mAh Battery,Qualcomm Snapdragon 435 Processor,1 Year Manufacturer Warranty for Device and 6 Months Manufacturer Warranty for In-box Accessories including Battery,8999
https://rukminim2.flixcart.com/image/312/312/k5lcvbk0pkrrdj/mobile-refurbished/v/y/e/redmi-y3-64-c-m1810f6i-mi-4-original-imafg2dajfznm3hy.jpeg?q=70,"Redmi Y3 (Elegant Blue, 64 GB)",4.3,4 GB RAM | 64 GB ROM | Expandable Upto 512 GB,15.9 cm (6.26 inch) HD+ Display,12MP + 2MP | 32MP Front Camera,4000 mAh Battery,Qualcomm Snapdragon 632 Processor,Brand Warranty of 1 Year Available for Mobile and 6 Months for Battery and Accessories,12449
https://rukminim2.flixcart.com/image/312/312/k0lbdzk0pkrrdj/mobile/d/h/m/mi-redmi-note-7-pro-mzb7462in-original-imafeybaxhesszgn.jpeg?q=70,"Redmi Note 7 Pro (Space Black, 128 GB)",4.5,6 GB RAM | 128 GB ROM | Expandable Upto 256 GB,16.0 cm (6.3 inch) Full HD+ Display,48MP + 5MP | 13MP Front Camera,4000 mAh Li-polymer Battery,Qualcomm Snapdragon 675 Processor,Splash Proof - Protected by P2i,13499
https://rukminim2.flixcart.com/image/312/312/jl2m7ww0/mobile/g/p/r/mi-redmi-5-na-original-imaf8a8vhfn3cadn.jpeg?q=70,"Redmi 5 (Rose Gold, 64 GB)",4.3,4 GB RAM | 64 GB ROM | Expandable Upto 128 GB,14.48 cm (5.7 inch) HD+ Display,12MP Rear Camera | 5MP Front Camera,3300 mAh Battery,Qualcomm Snapdragon 450 Processor,Brand Warranty of 1 Year Available for Mobile and 6 Months for Accessories,10999
https://rukminim2.flixcart.com/image/312/312/k5lcvbk0pkrrdj/mobile-refurbished/v/y/e/redmi-y3-64-c-m1810f6i-mi-4-original-imafg2dajfznm3hy.jpeg?q=70,"Redmi Y3 (Elegant Blue, 32 GB)",4.4,3 GB RAM | 32 GB ROM | Expandable Upto 512 GB,15.9 cm (6.26 inch) HD+ Display,12MP + 2MP | 32MP Front Camera,4000 mAh Battery,Qualcomm Snapdragon 632 Processor,Brand Warranty of 1 Year Available for Mobile and 6 Months for Battery and Accessories,10190
https://rukminim2.flixcart.com/image/312/312/kc9eufk0/mobile/s/k/b/redmi-note-9-pro-max-note-9-pro-max-original-imaftfet6bynchsn.jpeg?q=70,"REDMI Note 9 Pro Max (Aurora Blue, 128 GB)",4.4,8 GB RAM | 128 GB ROM | Expandable Upto 512 GB,16.94 cm (6.67 inch) Full HD+ Display,64MP + 8MP + 5MP + 2MP | 32MP Front Camera,5020 mAh Lithium Polymer Battery,Qualcomm Snapdragon 720G Processor,1 Year Manufacturer Warranty for Device and 6 Months Manufacturer Warranty for In-box Accessories,20990
https://rukminim2.flixcart.com/image/312/312/xif0q/mobile/k/d/p/note-9-pro-max-mzb9158in-redmi-original-imagt63kgjazkhff.jpeg?q=70,"REDMI Note 9 Pro Max (Glacier White, 128 GB)",4.4,8 GB RAM | 128 GB ROM,16.94 cm (6.67 inch) Display,64MP Rear Camera,5020 mAh Battery,Domestic 1 Year of Device & 6 Months for In-Box Accessories,NA,20990
https://rukminim2.flixcart.com/image/312/312/jjq18y80/mobile/a/z/6/mi-redmi-5-na-original-imaf78krenwg8bbz.jpeg?q=70,"Redmi 5 (Black, 64 GB)",4.3,4 GB RAM | 64 GB ROM | Expandable Upto 128 GB,14.48 cm (5.7 inch) HD+ Display,12MP Rear Camera | 5MP Front Camera,3300 mAh Battery,Qualcomm Snapdragon 450 Processor,Brand Warranty of 1 Year Available for Mobile and 6 Months for Accessories,10999
https://rukminim2.flixcart.com/image/312/312/ken59jk0/mobile/k/g/w/mi-redmi-note-9-pro-max-m2003j6b1l-original-imafv9zfdjwuys9g.jpeg?q=70,"REDMI Note 9 Pro Max (Champagne Gold, 128 GB)",4.4,8 GB RAM | 128 GB ROM | Expandable Upto 512 GB,16.94 cm (6.67 inch) Full HD+ Display,64MP + 8MP + 5MP + 2MP | 32MP Front Camera,5020 mAh Lithium Polymer Battery,Qualcomm Snapdragon 720G Processor,1 Year Manufacturer Warranty for Device and 6 Months Manufacturer Warranty for In-box Accessories,22689
https://rukminim2.flixcart.com/image/312/312/kc9eufk0/mobile/s/k/b/redmi-note-9-pro-max-note-9-pro-max-original-imaftfet6bynchsn.jpeg?q=70,"REDMI Note 9 Pro Max (Aurora Blue, 64 GB)",4.4,6 GB RAM | 64 GB ROM | Expandable Upto 512 GB,16.94 cm (6.67 inch) Full HD+ Display,64MP + 8MP + 5MP + 2MP | 32MP Front Camera,5020 mAh Lithium Polymer Battery,Qualcomm Snapdragon 720G Processor,1 Year Manufacturer Warranty for Device and 6 Months Manufacturer Warranty for In-box Accessories,14990
https://rukminim2.flixcart.com/image/312/312/jiklh8w0/mobile/f/h/2/mi-redmi-y1-mzb5754in-original-imaf6cagj2upvr5x.jpeg?q=70,"Redmi Y1 (Gold, 64 GB)",4.1,4 GB RAM | 64 GB ROM | Expandable Upto 128 GB,13.97 cm (5.5 inch) HD Display,13MP Rear Camera | 16MP Front Camera,3080 mAh Battery,Qualcomm Snapdragon 435 Processor,1 Year Manufacturer Warranty for Device and 6 Months Manufacturer Warranty for In-box Accessories including Battery,10999
https://rukminim2.flixcart.com/image/312/312/k8xduvk0pkrrdj/mobile/a/y/t/redmi-8a-dual-8a-dual-original-imafqyfqhfvtyc39.jpeg?q=70,"Redmi 8A Dual (Sea Blue, 64 GB)",4.2,3 GB RAM | 64 GB ROM | Expandable Upto 512 GB,15.8 cm (6.22 inch) HD+ Display,13MP + 2MP | 8MP Front Camera,5000 mAh Lithium Polymer Battery,Qualcomm Snapdragon 439 Processor,1 Year Manufacturer Warranty for Device and 6 Months Manufacturer Warranty for Inbox Accessories Including Batteries from the Date of Purchase,7999
https://rukminim2.flixcart.com/image/312/312/k01b8280pkrrdj/mobile/f/g/z/mi-redmi-5-mdi-1-original-imafgwyzf4wgwvsu.jpeg?q=70,"Redmi 5 (Lake Blue, 64 GB)",4.3,4 GB RAM | 64 GB ROM | Expandable Upto 128 GB,14.48 cm (5.7 inch) HD Display,12MP Rear Camera | 5MP Front Camera,3300 mAh Battery,1 Year Brand Warranty,NA,8499
https://rukminim2.flixcart.com/image/312/312/jjq18y80/mobile/n/p/5/mi-redmi-5-na-original-imaf4gh6qhrdebfg.jpeg?q=70,"Redmi 5 (Gold, 32 GB)",4.3,3 GB RAM | 32 GB ROM | Expandable Upto 128 GB,14.48 cm (5.7 inch) HD+ Display,12MP Rear Camera | 5MP Front Camera,3300 mAh Battery,Qualcomm Snapdragon 450 Processor,Brand Warranty of 1 Year Available for Mobile and 6 Months for Accessories,9999
https://rukminim2.flixcart.com/image/312/312/jyxaw7k0/mobile/g/g/z/mi-redmi-go-mzb7703in-original-imafeju5hfeprype.jpeg?q=70,"Redmi Go (Black, 16 GB)",4.3,1 GB RAM | 16 GB ROM | Expandable Upto 128 GB,12.7 cm (5 inch) HD Display,8MP Rear Camera | 5MP Front Camera,3000 mAh Li Polymer Battery,Qualcomm Snapdragon 425 Processor,Brand Warranty of 1 Year Available for Mobile and 6 Months for Accessories,4990
https://rukminim2.flixcart.com/image/312/312/jyxaw7k0/mobile/f/d/f/mi-redmi-go-mzb7704in-original-imafeju5rpkdjp4g.jpeg?q=70,"Redmi Go (Blue, 16 GB)",4.3,1 GB RAM | 16 GB ROM | Expandable Upto 128 GB,12.7 cm (5 inch) HD Display,8MP Rear Camera | 5MP Front Camera,3000 mAh Li Polymer Battery,Qualcomm Snapdragon 425 Processor,Brand Warranty of 1 Year Available for Mobile and 6 Months for Accessories,4990
https://rukminim2.flixcart.com/image/312/312/jteoosw0/mobile/3/e/3/mi-redmi-go-mzb7186in-original-imafercbuyz96gte.jpeg?q=70,"Redmi Go (Blue, 8 GB)",4.3,1 GB RAM | 8 GB ROM | Expandable Upto 128 GB,12.7 cm (5 inch) HD Display,8MP Rear Camera | 5MP Front Camera,3000 mAh Li Polymer Battery,Qualcomm Snapdragon 425 Processor,Brand Warranty of 1 Year Available for Mobile and 6 Months for Accessories,4990
https://rukminim2.flixcart.com/image/312/312/mobile/m/k/s/mi-redmi-2-mzb4283in-original-imae5f8w8rcvhfzh.jpeg?q=70,"Redmi 2 (White, 8 GB)",4.2,1 GB RAM | 8 GB ROM | Expandable Upto 32 GB,11.94 cm (4.7 inch) HD Display,8MP Rear Camera | 2MP Front Camera,2200 mAh Li-Ion Polymer Battery,Qualcomm Snapdragon 410 MSM8916 Processor,Brand Warranty of 1 Year Available for Mobile and 6 Months for Accessories,4990
https://rukminim2.flixcart.com/image/312/312/ji0lbbk0/mobile/3/m/k/mi-redmi-5-na-original-imaf5semqnagymyq.jpeg?q=70,"Redmi 5 (Lake Blue, 16 GB)",4.3,2 GB RAM | 16 GB ROM | Expandable Upto 128 GB,14.48 cm (5.7 inch) HD+ Display,12MP Rear Camera | 5MP Front Camera,3300 mAh Battery,Qualcomm Snapdragon 450 Processor,Brand Warranty of 1 Year Available for Mobile and 6 Months for Accessories,8499
https://rukminim2.flixcart.com/image/312/312/jq8dgnk0/cases-covers/back-cover/d/6/p/karwan-lt-mi-6pro-black-original-imafawhpfzwhxnf2.jpeg?q=70,"Redmi 6 Pro (Black, 32 GB)",4.3,3 GB RAM | 32 GB ROM | Expandable Upto 256 GB,14.83 cm (5.84 inch) Full HD+ Display,12MP + 5MP | 5MP Front Camera,4000 mAh Battery,Qualcomm Snapdragon 625 Processor,Brand Warranty of 1 Year Available for Mobile and 6 Months for Battery and Accessories,9990
https://rukminim2.flixcart.com/image/312/312/jzrb53k0pkrrdj/mobile/e/4/p/mi-redmi-5-mdi1-original-imaf9f33fgzxb5nd.jpeg?q=70,"Redmi 5 (Gold, 64 GB)",4.3,4 GB RAM | 64 GB ROM | Expandable Upto 128 GB,14.48 cm (5.7 inch) HD+ Display,12MP Rear Camera | 5MP Front Camera,3300 mAh Battery,Qualcomm Snapdragon 450 Processor,No Warranty,10990
https://rukminim2.flixcart.com/image/312/312/jpcxrww0/mobile/x/b/b/mi-redmi-6-pro-na-original-imafawhpysnx884c.jpeg?q=70,"Redmi 6 Pro (Gold, 32 GB)",4.3,3 GB RAM | 32 GB ROM | Expandable Upto 256 GB,14.83 cm (5.84 inch) Full HD+ Display,12MP + 5MP | 5MP Front Camera,4000 mAh Battery,Qualcomm Snapdragon 625 Processor,Brand Warranty of 1 Year Available for Mobile and 6 Months for Battery and Accessories,8990
https://rukminim2.flixcart.com/image/312/312/jpcxrww0/mobile/z/f/w/mi-redmi-6-pro-na-original-imafawhpywgdgzjq.jpeg?q=70,"Redmi 6 Pro (Lake Blue, 32 GB)",4.3,3 GB RAM | 32 GB ROM | Expandable Upto 256 GB,14.83 cm (5.84 inch) Full HD+ Display,12MP + 5MP | 5MP Front Camera,4000 mAh Battery,Qualcomm Snapdragon 625 Processor,Brand Warranty of 1 Year Available for Mobile and 6 Months for Battery and Accessories,8990
https://rukminim2.flixcart.com/image/312/312/jpcxrww0/mobile/g/z/n/mi-redmi-6-pro-na-original-imafawhpcxxytf3f.jpeg?q=70,"Redmi 6 Pro (Red, 32 GB)",4.3,3 GB RAM | 32 GB ROM | Expandable Upto 256 GB,14.83 cm (5.84 inch) Full HD+ Display,12MP + 5MP | 5MP Front Camera,4000 mAh Battery,Qualcomm Snapdragon 625 Processor,Brand Warranty of 1 Year Available for Mobile and 6 Months for Battery and Accessories,10799
https://rukminim2.flixcart.com/image/312/312/ku04o7k0/mobile/x/x/t/9i-sport-mzb0a10in-redmi-original-imag785rwf3q8sft.jpeg?q=70,"(Refurbished) REDMI 9i Sport (Metallic Blue, 64 GB)",NA,Grade: Refurbished - Superb,Compatible Charger & Cable,4 GB RAM | 64 GB ROM | Expandable Upto 512 GB,6.53 inch HD+ Display,13MP Rear Camera | 5MP Front Camera,5000 mAh Battery,5999
https://rukminim2.flixcart.com/image/312/312/k5lcvbk0pkrrdj/mobile-refurbished/g/s/b/redmi-y3-64-d-na-mi-4-original-imafgwbk9b3gxqrc.jpeg?q=70,"Redmi Y3 (Bold Red, 32 GB)",4.4,3 GB RAM | 32 GB ROM | Expandable Upto 512 GB,15.9 cm (6.26 inch) HD+ Display,12MP + 2MP | 32MP Front Camera,4000 mAh Battery,Qualcomm Snapdragon 632 Processor,Brand Warranty of 1 Year Available for Mobile and 6 Months for Battery and Accessories,9999
https://rukminim2.flixcart.com/image/312/312/k5lcvbk0pkrrdj/mobile-refurbished/h/s/2/redmi-y3-64-c-m1810f6i-mi-4-original-imafg2dakasdpmfv.jpeg?q=70,"Redmi Y3 (Prime Black, 64 GB)",4.3,4 GB RAM | 64 GB ROM | Expandable Upto 512 GB,15.9 cm (6.26 inch) HD+ Display,12MP + 2MP | 32MP Front Camera,4000 mAh Battery,Qualcomm Snapdragon 632 Processor,Brand Warranty of 1 Year Available for Mobile and 6 Months for Battery and Accessories,9999
https://rukminim2.flixcart.com/image/312/312/jpcxrww0/mobile/g/z/n/mi-redmi-6-pro-na-original-imafawhpcxxytf3f.jpeg?q=70,"Redmi 6 Pro (Red, 64 GB)",4.3,4 GB RAM | 64 GB ROM | Expandable Upto 256 GB,14.83 cm (5.84 inch) Full HD+ Display,12MP + 5MP | 5MP Front Camera,4000 mAh Battery,Qualcomm Snapdragon 625 Processor,Brand Warranty of 1 Year Available for Mobile and 6 Months for Battery and Accessories,9990
https://rukminim2.flixcart.com/image/312/312/js23pu80/mobile/y/f/q/mi-redmi-6-pro-na-original-imafdzrzvaryzmzc.jpeg?q=70,"Redmi 6 Pro (Rose Gold, 32 GB)",4.3,3 GB RAM | 32 GB ROM | Expandable Upto 256 GB,14.83 cm (5.84 inch) Full HD+ Display,12MP + 5MP | 5MP Front Camera,4000 mAh Battery,Qualcomm Snapdragon 625 Processor,Brand Warranty of 1 Year Available for Mobile and 6 Months for Battery and Accessories,9990
https://rukminim2.flixcart.com/image/312/312/k5lcvbk0pkrrdj/mobile-refurbished/h/s/2/redmi-y3-64-c-m1810f6i-mi-4-original-imafg2dakasdpmfv.jpeg?q=70,"Redmi Y3 (Prime Black, 32 GB)",4.4,3 GB RAM | 32 GB ROM | Expandable Upto 512 GB,15.9 cm (6.26 inch) HD+ Display,12MP + 2MP | 32MP Front Camera,4000 mAh Battery,Qualcomm Snapdragon 632 Processor,Brand Warranty of 1 Year Available for Mobile and 6 Months for Battery and Accessories,8599
https://rukminim2.flixcart.com/image/312/312/ku04o7k0/mobile/x/x/t/9i-sport-mzb0a10in-redmi-original-imag785rwf3q8sft.jpeg?q=70,"REDMI 9i Sport (Metallic Blue, 64 GB)",4.3,4 GB RAM | 64 GB ROM | Expandable Upto 512 GB,16.59 cm (6.53 inch) HD+ Display,13MP Rear Camera | 5MP Front Camera,5000 mAh Li-Polymer Battery,MediaTek Helio G25 Processor,Brand Warranty of 1 Year Available for Mobile and 6 Months for Accessories,8999
https://rukminim2.flixcart.com/image/312/312/ky7lci80/mobile/k/b/g/-original-imagagf6fzbhuhny.jpeg?q=70,"Xiaomi 11i Hypercharge 5G (Purple Mist, 128 GB)",4.2,8 GB RAM | 128 GB ROM | Expandable Upto 1 TB,16.94 cm (6.67 inch) Full HD+ AMOLED Display,108MP + 8MP + 2MP | 16MP Front Camera,4500 mAh Li-Polymer Battery,Mediatek Dimensity 920 Processor,1 Year Manufacturer Warranty for Phone and 6 Months Warranty for In the Box Accessories,23990
https://rukminim2.flixcart.com/image/312/312/jlb6v0w0/mobile/r/u/a/mi-redmi-y1-mzb5754in-original-imaf8et7fzzgues8.jpeg?q=70,"Redmi Y1 (Rose Gold, 32 GB)",4.3,3 GB RAM | 32 GB ROM | Expandable Upto 128 GB,13.97 cm (5.5 inch) HD Display,13MP Rear Camera | 16MP Front Camera,3080 mAh Battery,Qualcomm Snapdragon 435 Processor,1 Year Manufacturer Warranty,7990
